package	version	upstream	upstream-revision	repository	revision	fallback-repository	build	dependencies
0blayout	20190703.527	https://github.com/etu/0blayout-mode	fd9a8f353dbd45b4628b5f84b8d8c2525ebf571d	https://github.com/etu/0blayout-mode	fd9a8f353dbd45b4628b5f84b8d8c2525ebf571d	https://github.com/emacsmirror/0blayout	melpa-recipe	-
0x0	20230823.2214	https://git.sr.ht/~willvaughn/emacs-0x0	04f95142b25d8bb701f239539176df6617dcd982	https://git.sr.ht/~willvaughn/emacs-0x0	04f95142b25d8bb701f239539176df6617dcd982	https://github.com/emacsmirror/0x0	melpa-recipe	-
0xc	20201025.2105	https://github.com/AdamNiederer/0xc	5bd6c0c901d03d1f24a3ddcf3a62d3b6d2428c80	https://github.com/AdamNiederer/0xc	5bd6c0c901d03d1f24a3ddcf3a62d3b6d2428c80	https://github.com/emacsmirror/0xc	melpa-recipe	s
2048-game	20230809.356	https://hg.sr.ht/~zck/game-2048	8175ca5191175183b9522141dcb55d30673d2323	https://github.com/emacsmirror/2048-game	8976bb8875fc638806d0db5e0ba9c573f6ca7a25		source-default	-
2bit	20200926.1418	https://github.com/davep/2bit.el	69b4ec1d6d2ad95c9e59dacb43224abbec7a8989	https://github.com/davep/2bit.el	69b4ec1d6d2ad95c9e59dacb43224abbec7a8989	https://github.com/emacsmirror/2bit	melpa-recipe	-
750words	20220625.1407	https://github.com/zzamboni/750words-client	43eee19428fc8f5a133192398510d7313eb33d97	https://github.com/zzamboni/750words-client	43eee19428fc8f5a133192398510d7313eb33d97	https://github.com/emacsmirror/750words	melpa-recipe	-
@	20240923.1318	https://github.com/skeeto/at-el	0489e15cd0bc2fd9da56a4147f9083c6d816ebb9	https://github.com/skeeto/at-el	0489e15cd0bc2fd9da56a4147f9083c6d816ebb9	https://github.com/emacsmirror/at	melpa-recipe	-
a	20210929.1510	https://github.com/plexus/a.el	9ad2d18252b729174fe22ed0b2b7670c88f60c31	https://github.com/plexus/a.el	9ad2d18252b729174fe22ed0b2b7670c88f60c31	https://github.com/emacsmirror/a	melpa-recipe	-
aa-edit-mode	20170119.320	https://github.com/zonuexe/aa-edit-mode	1dd801225b7ad3c23ad09698f5e77f0df7012a65	https://github.com/zonuexe/aa-edit-mode	1dd801225b7ad3c23ad09698f5e77f0df7012a65	https://github.com/emacsmirror/aa-edit-mode	melpa-recipe	navi2ch
aangit	20231106.2115	https://github.com/stephenwithav/aangit	7527a366c542cb7b09672597876e83f429ca6b46	https://github.com/stephenwithav/aangit	7527a366c542cb7b09672597876e83f429ca6b46	https://github.com/emacsmirror/aangit	melpa-recipe	s,transient
aas	20230303.2214	https://github.com/ymarco/auto-activating-snippets	ddc2b7a58a2234477006af348b30e970f73bc2c1	https://github.com/ymarco/auto-activating-snippets	ddc2b7a58a2234477006af348b30e970f73bc2c1	https://github.com/emacsmirror/aas	melpa-recipe	-
abc-mode	20220713.1359	https://github.com/mkjunker/abc-mode	45193b67508861cf77da7e76b71711855c002caa	https://github.com/mkjunker/abc-mode	45193b67508861cf77da7e76b71711855c002caa	https://github.com/emacsmirror/abc-mode	melpa-recipe	-
abgaben	20171119.646	https://gitlab.com/akoehn/abgaben	966bfcfdd3b2e288576ffe363d676ad282902090	https://gitlab.com/akoehn/abgaben	966bfcfdd3b2e288576ffe363d676ad282902090	https://github.com/emacsmirror/abgaben	melpa-recipe	f,pdf-tools,s
abl-mode	20240423.1214	https://github.com/afroisalreadyinu/abl-mode	e918290b279112c367787ac704398d66759e5298	https://github.com/afroisalreadyinu/abl-mode	e918290b279112c367787ac704398d66759e5298	https://github.com/emacsmirror/abl-mode	melpa-recipe	-
abridge-diff	20230307.2159	https://github.com/jdtsmith/abridge-diff	31e0ccaa9d0bd4ad257f5de25cc3c0b3395fafa1	https://github.com/jdtsmith/abridge-diff	31e0ccaa9d0bd4ad257f5de25cc3c0b3395fafa1	https://github.com/emacsmirror/abridge-diff	melpa-recipe	-
abs-mode	20260415.813	https://github.com/abstools/abs-mode	a4b8d0caa61db2f37b77e15055fad8324c35f4ae	https://github.com/abstools/abs-mode	a4b8d0caa61db2f37b77e15055fad8324c35f4ae	https://github.com/emacsmirror/abs-mode	melpa-recipe	erlang,maude-mode,yasnippet
abyss-theme	20260125.1959	https://github.com/mgrbyte/emacs-abyss-theme	6eb2b5735808ea96a36fc7abf741fc3bbf1b6ee4	https://github.com/mgrbyte/emacs-abyss-theme	6eb2b5735808ea96a36fc7abf741fc3bbf1b6ee4	https://github.com/emacsmirror/abyss-theme	melpa-recipe	-
ac-alchemist	20150908.656	https://github.com/emacsorphanage/ac-alchemist	b1891c3d41aed83f61d78a609ea97be5cc2758d9	https://github.com/emacsorphanage/ac-alchemist	b1891c3d41aed83f61d78a609ea97be5cc2758d9	https://github.com/emacsmirror/ac-alchemist	melpa-recipe	alchemist,auto-complete
ac-c-headers	20200816.1007	https://github.com/zk-phi/ac-c-headers	67e1e86a48c9bed57bc7ce5ce2553ad203f5752e	https://github.com/zk-phi/ac-c-headers	67e1e86a48c9bed57bc7ce5ce2553ad203f5752e	https://github.com/emacsmirror/ac-c-headers	melpa-recipe	auto-complete
ac-capf	20151101.217	https://github.com/emacsorphanage/ac-capf	17571dba0a8f98111f2ab758e9bea285b263781b	https://github.com/emacsorphanage/ac-capf	17571dba0a8f98111f2ab758e9bea285b263781b	https://github.com/emacsmirror/ac-capf	melpa-recipe	auto-complete
ac-clang	20180710.546	https://github.com/yaruopooner/ac-clang	3294b968eb1a8317049190940193f9da47c085ef	https://github.com/yaruopooner/ac-clang	3294b968eb1a8317049190940193f9da47c085ef	https://github.com/emacsmirror/ac-clang	melpa-recipe	auto-complete,pos-tip,yasnippet
ac-dcd	20250925.946	https://github.com/atilaneves/ac-dcd	b95dfc61b9f2597e17f9a4a59b1745afd46a02d6	https://github.com/atilaneves/ac-dcd	b95dfc61b9f2597e17f9a4a59b1745afd46a02d6	https://github.com/emacsmirror/ac-dcd	melpa-recipe	auto-complete,flycheck-dmd-dub
ac-emmet	20131015.1558	https://github.com/yasuyk/ac-emmet	88f24876ee3b759978d4614a758280b5d512d543	https://github.com/yasuyk/ac-emmet	88f24876ee3b759978d4614a758280b5d512d543	https://github.com/emacsmirror/ac-emmet	melpa-recipe	auto-complete,emmet-mode
ac-emoji	20150823.711	https://github.com/emacsorphanage/ac-emoji	53677f754929ead403ccde64b714ebb6b8fc808e	https://github.com/emacsorphanage/ac-emoji	53677f754929ead403ccde64b714ebb6b8fc808e	https://github.com/emacsmirror/ac-emoji	melpa-recipe	auto-complete
ac-etags	20161001.1507	https://github.com/emacsorphanage/ac-etags	7983e631c226fe0fa53af3b2d56bf4eca3d785ce	https://github.com/emacsorphanage/ac-etags	7983e631c226fe0fa53af3b2d56bf4eca3d785ce	https://github.com/emacsmirror/ac-etags	melpa-recipe	auto-complete
ac-geiser	20200318.824	https://github.com/xiaohanyu/ac-geiser	93818c936ee7e2f1ba1b315578bde363a7d43d05	https://github.com/xiaohanyu/ac-geiser	93818c936ee7e2f1ba1b315578bde363a7d43d05	https://github.com/emacsmirror/ac-geiser	melpa-recipe	auto-complete,geiser
ac-haskell-process	20150423.1402	https://github.com/purcell/ac-haskell-process	0362d4323511107ec70e7165cb612f3ab01b712f	https://github.com/purcell/ac-haskell-process	0362d4323511107ec70e7165cb612f3ab01b712f	https://github.com/emacsmirror/ac-haskell-process	melpa-recipe	auto-complete,haskell-mode
ac-helm	20160319.233	https://github.com/yasuyk/ac-helm	baf2b1e04bcffa835084389c0fab415f26efbf32	https://github.com/yasuyk/ac-helm	baf2b1e04bcffa835084389c0fab415f26efbf32	https://github.com/emacsmirror/ac-helm	melpa-recipe	auto-complete,helm,popup
ac-html	20151005.731	https://github.com/victorteokw/ac-html	3de94a46d8cb93e8e62a1b6bdebbde4d65dc7cc2	https://github.com/victorteokw/ac-html	3de94a46d8cb93e8e62a1b6bdebbde4d65dc7cc2	https://github.com/emacsmirror/ac-html	melpa-recipe	auto-complete,dash,f,s
ac-html-angular	20151225.719	https://github.com/osv/ac-html-angular	6bafe09afe03112ca4183d58461c1a6f6c2b3c67	https://github.com/osv/ac-html-angular	6bafe09afe03112ca4183d58461c1a6f6c2b3c67	https://github.com/emacsmirror/ac-html-angular	melpa-recipe	web-completion-data
ac-html-bootstrap	20160302.1701	https://github.com/osv/ac-html-bootstrap	481e6e441cd566554ce71cd8cb28c9e7ebb1c24b	https://github.com/osv/ac-html-bootstrap	481e6e441cd566554ce71cd8cb28c9e7ebb1c24b	https://github.com/emacsmirror/ac-html-bootstrap	melpa-recipe	web-completion-data
ac-html-csswatcher	20151208.2113	https://github.com/osv/ac-html-csswatcher	b0f3e7e1a3fe49e88b6eb6432377232fc715f221	https://github.com/osv/ac-html-csswatcher	b0f3e7e1a3fe49e88b6eb6432377232fc715f221	https://github.com/emacsmirror/ac-html-csswatcher	melpa-recipe	web-completion-data
ac-inf-ruby	20131115.1150	https://github.com/purcell/ac-inf-ruby	094d86761088ab0b16ddac75cf57eeb9c2afbee2	https://github.com/purcell/ac-inf-ruby	094d86761088ab0b16ddac75cf57eeb9c2afbee2	https://github.com/emacsmirror/ac-inf-ruby	melpa-recipe	auto-complete,inf-ruby
ac-ispell	20151101.226	https://github.com/emacsorphanage/ac-ispell	7e054793fe77f5fa1ced59d97da9c31df9807c48	https://github.com/emacsorphanage/ac-ispell	7e054793fe77f5fa1ced59d97da9c31df9807c48	https://github.com/emacsmirror/ac-ispell	melpa-recipe	auto-complete
ac-js2	20190101.933	https://github.com/ScottyB/ac-js2	2b56d09a16c1a0ce514cc1b85d64cb1be4502723	https://github.com/ScottyB/ac-js2	2b56d09a16c1a0ce514cc1b85d64cb1be4502723	https://github.com/emacsmirror/ac-js2	melpa-recipe	js2-mode,skewer-mode
ac-math	20141116.2127	https://github.com/vspinu/ac-math	89478063dead68894f0d27687b63896633048c6f	https://github.com/vspinu/ac-math	89478063dead68894f0d27687b63896633048c6f	https://github.com/emacsmirror/ac-math	melpa-recipe	auto-complete,math-symbol-lists
ac-mozc	20150227.1619	https://github.com/igjit/ac-mozc	4c6c8be4701010d9362184437c0f783e0335c631	https://github.com/igjit/ac-mozc	4c6c8be4701010d9362184437c0f783e0335c631	https://github.com/emacsmirror/ac-mozc	melpa-recipe	auto-complete,mozc
ac-octave	20180406.334	https://github.com/coldnew/ac-octave	fe0f931f2024f43de3c4fff4b1ace672413adeae	https://github.com/coldnew/ac-octave	fe0f931f2024f43de3c4fff4b1ace672413adeae	https://github.com/emacsmirror/ac-octave	melpa-recipe	auto-complete
ac-php	20240328.1036	https://github.com/xcwen/ac-php	a69ae4a12e40900619b4e5a1613fd449aef649c3	https://github.com/xcwen/ac-php	a69ae4a12e40900619b4e5a1613fd449aef649c3	https://github.com/emacsmirror/ac-php	melpa-recipe	ac-php-core,auto-complete,yasnippet
ac-php-core	20260210.846	https://github.com/xcwen/ac-php	b053bd3723acf13a6c1a3e9cec221f4e0b24ea2c	https://github.com/xcwen/ac-php	b053bd3723acf13a6c1a3e9cec221f4e0b24ea2c		melpa-recipe	dash,f,php-mode,popup,s,xcscope
ac-racer	20170114.809	https://github.com/emacsorphanage/ac-racer	4408c2d652dec0432e20c05e001db8222d778c6b	https://github.com/emacsorphanage/ac-racer	4408c2d652dec0432e20c05e001db8222d778c6b	https://github.com/emacsmirror/ac-racer	melpa-recipe	auto-complete,racer
ac-rtags	20191222.920	https://github.com/Andersbakken/rtags	595055b5316a7c92ba1d638f324f98842a0f41a5	https://github.com/Andersbakken/rtags	595055b5316a7c92ba1d638f324f98842a0f41a5		melpa-recipe	auto-complete,rtags
ac-skk	20141230.119	https://github.com/myuhe/ac-skk.el	d25a265930430d080329789fb253d786c01dfa24	https://github.com/myuhe/ac-skk.el	d25a265930430d080329789fb253d786c01dfa24	https://github.com/emacsmirror/ac-skk	melpa-recipe	auto-complete,ddskk,tinysegmenter
ac-slime	20171027.2100	https://github.com/purcell/ac-slime	a91f664510d3da24b02e87e4aa59d049483a6529	https://github.com/purcell/ac-slime	a91f664510d3da24b02e87e4aa59d049483a6529	https://github.com/emacsmirror/ac-slime	melpa-recipe	auto-complete,slime
ac-sly	20170728.1027	https://github.com/qoocku/ac-sly	bf69c687c4ecf1994349d20c182e9b567399912e	https://github.com/qoocku/ac-sly	bf69c687c4ecf1994349d20c182e9b567399912e	https://github.com/emacsmirror/ac-sly	melpa-recipe	auto-complete,sly
academic-phrases	20180723.1021	https://github.com/nashamri/academic-phrases	25d9cf67feac6359cb213f061735e2679c84187f	https://github.com/nashamri/academic-phrases	25d9cf67feac6359cb213f061735e2679c84187f	https://github.com/emacsmirror/academic-phrases	melpa-recipe	dash,ht,s
accent	20250210.906	https://github.com/eliascotto/accent	d613700dc4159692f5c30dc5f241c9de41bbb1dc	https://github.com/eliascotto/accent	d613700dc4159692f5c30dc5f241c9de41bbb1dc	https://github.com/emacsmirror/accent	melpa-recipe	popup
ace-flyspell	20170309.509	https://github.com/cute-jumper/ace-flyspell	538d4f8508d305262ba0228dfe7c819fb65b53c9	https://github.com/cute-jumper/ace-flyspell	538d4f8508d305262ba0228dfe7c819fb65b53c9	https://github.com/emacsmirror/ace-flyspell	melpa-recipe	avy
ace-isearch	20220809.1748	https://github.com/tam17aki/ace-isearch	a24bfc626100f183dbad016bd7723eb12e238534	https://github.com/tam17aki/ace-isearch	a24bfc626100f183dbad016bd7723eb12e238534	https://github.com/emacsmirror/ace-isearch	melpa-recipe	-
ace-jump-buffer	20171031.1550	https://github.com/waymondo/ace-jump-buffer	ae5be0415c823f7bb66833aa4af2180d4cf99cef	https://github.com/waymondo/ace-jump-buffer	ae5be0415c823f7bb66833aa4af2180d4cf99cef	https://github.com/emacsmirror/ace-jump-buffer	melpa-recipe	avy,dash
ace-jump-helm-line	20160918.1836	https://github.com/cute-jumper/ace-jump-helm-line	1483055255df3f8ae349f7520f05b1e43ea3ed37	https://github.com/cute-jumper/ace-jump-helm-line	1483055255df3f8ae349f7520f05b1e43ea3ed37	https://github.com/emacsmirror/ace-jump-helm-line	melpa-recipe	avy,helm
ace-jump-mode	20140616.815	https://github.com/winterTTr/ace-jump-mode	8351e2df4fbbeb2a4003f2fb39f46d33803f3dac	https://github.com/winterTTr/ace-jump-mode	8351e2df4fbbeb2a4003f2fb39f46d33803f3dac	https://github.com/emacsmirror/ace-jump-mode	melpa-recipe	-
ace-jump-zap	20170717.1849	https://github.com/waymondo/ace-jump-zap	52b5d4c6c73bd0fc833a0dcb4e803a5287d8cae8	https://github.com/waymondo/ace-jump-zap	52b5d4c6c73bd0fc833a0dcb4e803a5287d8cae8	https://github.com/emacsmirror/ace-jump-zap	melpa-recipe	ace-jump-mode,dash
ace-link	20241101.1344	https://github.com/abo-abo/ace-link	d9bd4a25a02bdfde4ea56247daf3a9ff15632ea4	https://github.com/abo-abo/ace-link	d9bd4a25a02bdfde4ea56247daf3a9ff15632ea4	https://github.com/emacsmirror/ace-link	melpa-recipe	avy
ace-mc	20190206.749	https://github.com/mm--/ace-mc	6877880efd99e177e4e9116a364576def3da391b	https://github.com/mm--/ace-mc	6877880efd99e177e4e9116a364576def3da391b	https://github.com/emacsmirror/ace-mc	melpa-recipe	ace-jump-mode,dash,multiple-cursors
ace-pinyin	20210827.355	https://github.com/cute-jumper/ace-pinyin	47662c0b05775ba353464b44c0f1a037c85e746e	https://github.com/cute-jumper/ace-pinyin	47662c0b05775ba353464b44c0f1a037c85e746e	https://github.com/emacsmirror/ace-pinyin	melpa-recipe	avy,pinyinlib
ace-popup-menu	20230606.1445	https://github.com/mrkkrp/ace-popup-menu	a8b970d1b59efbe7e1e29ed16d71af257a22699f	https://github.com/mrkkrp/ace-popup-menu	a8b970d1b59efbe7e1e29ed16d71af257a22699f	https://github.com/emacsmirror/ace-popup-menu	melpa-recipe	avy-menu
ace-window	20220911.358	https://github.com/abo-abo/ace-window	77115afc1b0b9f633084cf7479c767988106c196	https://github.com/abo-abo/ace-window	77115afc1b0b9f633084cf7479c767988106c196	https://github.com/emacsmirror/ace-window	melpa-recipe	avy
achievements	20240703.318	https://gitlab.com/gvol/emacs-achievements	c229d21ad5d1e13be08e087ab498800b2b9b7c97	https://gitlab.com/gvol/emacs-achievements	c229d21ad5d1e13be08e087ab498800b2b9b7c97	https://github.com/emacsmirror/achievements	melpa-recipe	keyfreq
ack-menu	20150504.2022	https://github.com/chumpage/ack-menu	f77be93a4697926ecf3195a355eb69580f695f4d	https://github.com/chumpage/ack-menu	f77be93a4697926ecf3195a355eb69580f695f4d	https://github.com/emacsmirror/ack-menu	melpa-recipe	mag-menu
acme-theme	20210430.302	https://github.com/ianyepan/acme-emacs-theme	ae8788b5851ea353fbb80ab586a3bbd5dc8e91aa	https://github.com/ianyepan/acme-emacs-theme	ae8788b5851ea353fbb80ab586a3bbd5dc8e91aa	https://github.com/emacsmirror/acme-theme	melpa-recipe	-
acp	20260719.342	https://github.com/xenodium/acp.el	a29cb161ac95f1819f34481a98666707661c5cf8	https://github.com/xenodium/acp.el	a29cb161ac95f1819f34481a98666707661c5cf8	https://github.com/emacsmirror/acp	melpa-recipe	-
act-mode	20240718.39	https://github.com/rafaelcn/act	90d7d626691591b24d83596149bc89fd51ba39b4	https://github.com/rafaelcn/act	90d7d626691591b24d83596149bc89fd51ba39b4	https://github.com/emacsmirror/act-mode	melpa-recipe	-
actionscript-mode	20180527.1701	https://codeberg.org/austinhaas/actionscript-mode	65abd58e198458a8e46748c5962c41d80d60c4ea	https://codeberg.org/austinhaas/actionscript-mode	65abd58e198458a8e46748c5962c41d80d60c4ea	https://github.com/emacsmirror/actionscript-mode	melpa-recipe	-
activity-watch-mode	20260311.835	https://github.com/pauldub/activity-watch-mode	1a950ad310cbd0511bb01744b20c7012a1c0b0e8	https://github.com/pauldub/activity-watch-mode	1a950ad310cbd0511bb01744b20c7012a1c0b0e8	https://github.com/emacsmirror/activity-watch-mode	melpa-recipe	request
acton-mode	20250113.1059	https://github.com/actonlang/acton-mode	5a1a8509fb84dad4f8a02da47519ed7399c26d7f	https://github.com/actonlang/acton-mode	5a1a8509fb84dad4f8a02da47519ed7399c26d7f	https://github.com/emacsmirror/acton-mode	melpa-recipe	-
ada-ts-mode	20260627.1553	https://github.com/brownts/ada-ts-mode	32fcf68dba7463902481b256cdecad08e4b5b0a7	https://github.com/brownts/ada-ts-mode	32fcf68dba7463902481b256cdecad08e4b5b0a7	https://github.com/emacsmirror/ada-ts-mode	melpa-recipe	-
adafruit-wisdom	20200217.306	https://github.com/gonewest818/adafruit-wisdom.el	c4ae0db35d0be94f0e9c50977758224d7e00234a	https://github.com/gonewest818/adafruit-wisdom.el	c4ae0db35d0be94f0e9c50977758224d7e00234a	https://github.com/emacsmirror/adafruit-wisdom	melpa-recipe	request
add-hooks	20171217.123	https://github.com/nickserv/add-hooks	1845137703461fc44bd77cf24014ba58f19c369d	https://github.com/nickserv/add-hooks	1845137703461fc44bd77cf24014ba58f19c369d	https://github.com/emacsmirror/add-hooks	melpa-recipe	-
add-node-modules-path	20230307.655	https://github.com/codesuki/add-node-modules-path	841e93dfed50448da66c89a977c9182bb18796a1	https://github.com/codesuki/add-node-modules-path	841e93dfed50448da66c89a977c9182bb18796a1	https://github.com/emacsmirror/add-node-modules-path	melpa-recipe	s
addressbook-bookmark	20260105.453	https://github.com/thierryvolpiatto/addressbook-bookmark	469faa4206e6503d9c045fecb2ec0af8e1dcf504	https://github.com/thierryvolpiatto/addressbook-bookmark	469faa4206e6503d9c045fecb2ec0af8e1dcf504	https://github.com/emacsmirror/addressbook-bookmark	melpa-recipe	-
ado-mode	20260210.1431	https://github.com/louabill/ado-mode	371441d27027fd4783a8c828458a5af098babca4	https://github.com/louabill/ado-mode	371441d27027fd4783a8c828458a5af098babca4	https://github.com/emacsmirror/ado-mode	melpa-recipe	-
adoc-mode	20260612.638	https://github.com/bbatsov/adoc-mode	5c1484b8982845845ccd0be02629e21f1d5bed81	https://github.com/bbatsov/adoc-mode	5c1484b8982845845ccd0be02629e21f1d5bed81	https://github.com/emacsmirror/adoc-mode	melpa-recipe	-
advent-mode	20260209.1903	https://github.com/vkazanov/advent-mode	68c149aad8e5844d87fbf5f703479cded641ef49	https://github.com/vkazanov/advent-mode	68c149aad8e5844d87fbf5f703479cded641ef49	https://github.com/emacsmirror/advent-mode	melpa-recipe	-
adwaita-dark-theme	20231209.1033	https://gitlab.com/jessieh/adwaita-dark-theme	04fed0ef795bfe2482998c5b6f87c37c13fe8c50	https://gitlab.com/jessieh/adwaita-dark-theme	04fed0ef795bfe2482998c5b6f87c37c13fe8c50	https://github.com/emacsmirror/adwaita-dark-theme	melpa-recipe	-
aes	20211204.2348	https://github.com/Sauermann/emacs-aes	c9cd12d6c1dbc18603eb4703276132cea59d5c78	https://github.com/Sauermann/emacs-aes	c9cd12d6c1dbc18603eb4703276132cea59d5c78	https://github.com/emacsmirror/aes	melpa-recipe	-
affe	20260519.1026	https://github.com/minad/affe	ccc6e4dc3dc7c87bdd4733d174274f4710f9e99e	https://github.com/minad/affe	ccc6e4dc3dc7c87bdd4733d174274f4710f9e99e	https://github.com/emacsmirror/affe	melpa-recipe	consult
afterglow	20240312.953	https://github.com/ernstvanderlinden/emacs-afterglow	d90fcf4e5c8ac6f5bae2eb01dea32558b2b18fba	https://github.com/ernstvanderlinden/emacs-afterglow	d90fcf4e5c8ac6f5bae2eb01dea32558b2b18fba	https://github.com/emacsmirror/afterglow	melpa-recipe	-
afternoon-theme	20140104.1859	https://github.com/ozanvos/emacs-afternoon-theme	89b1d778a1f8b385775c122f2bd1c62f0fbf931a	https://github.com/ozanvos/emacs-afternoon-theme	89b1d778a1f8b385775c122f2bd1c62f0fbf931a	https://github.com/emacsmirror/afternoon-theme	melpa-recipe	-
ag	20201031.2202	https://github.com/Wilfred/ag.el	ed7e32064f92f1315cecbfc43f120bbc7508672c	https://github.com/Wilfred/ag.el	ed7e32064f92f1315cecbfc43f120bbc7508672c	https://github.com/emacsattic/ag	melpa-recipe	dash,s
agda-editor-tactics	20211024.2357	https://github.com/alhassy/next-700-module-systems	06e374516cb2ab17018985f3dc4fccdc4acefd08	https://github.com/alhassy/next-700-module-systems	06e374516cb2ab17018985f3dc4fccdc4acefd08	https://github.com/emacsmirror/agda-editor-tactics	melpa-recipe	dash,s
agda-lib-mode	20251013.2307	https://codeberg.org/heraplem/agda-lib-mode	1cf7d486753887736eef6cae2688b2a05f9c1854	https://codeberg.org/heraplem/agda-lib-mode	1cf7d486753887736eef6cae2688b2a05f9c1854	https://github.com/emacsmirror/agda-lib-mode	melpa-recipe	-
age	20250806.1723	https://github.com/anticomputer/age.el	e99165ef5274bc4512b8d77ba2ac208c59b5d456	https://github.com/anticomputer/age.el	e99165ef5274bc4512b8d77ba2ac208c59b5d456	https://github.com/emacsmirror/age	melpa-recipe	-
agenix	20250209.551	https://github.com/t4ccer/agenix.el	36ad60f0b7f2a12b730c6f568fcfd4daf2581158	https://github.com/t4ccer/agenix.el	36ad60f0b7f2a12b730c6f568fcfd4daf2581158	https://github.com/emacsmirror/agenix	melpa-recipe	-
agent-recall	20260710.1707	https://github.com/Marx-A00/agent-recall	166f421bce4a6550507e0bd2b896956d0d9d4a94	https://github.com/Marx-A00/agent-recall	166f421bce4a6550507e0bd2b896956d0d9d4a94	https://github.com/emacsmirror/agent-recall	melpa-recipe	agent-shell
agent-shell	20260728.953	https://github.com/xenodium/agent-shell	a59891a9d8f1d26afb8358239346e081708cf2cb	https://github.com/xenodium/agent-shell	a59891a9d8f1d26afb8358239346e081708cf2cb	https://github.com/emacsmirror/agent-shell	melpa-recipe	acp,shell-maker
aggressive-fill-paragraph	20240213.2320	https://github.com/davidshepherd7/aggressive-fill-paragraph-mode	60e4eb5c57d4408e811d12c6b6491b8c89dfa695	https://github.com/davidshepherd7/aggressive-fill-paragraph-mode	60e4eb5c57d4408e811d12c6b6491b8c89dfa695	https://github.com/emacsmirror/aggressive-fill-paragraph	melpa-recipe	dash
aggressive-indent	20230112.1300	https://github.com/Malabarba/aggressive-indent-mode	a437a45868f94b77362c6b913c5ee8e67b273c42	https://github.com/Malabarba/aggressive-indent-mode	a437a45868f94b77362c6b913c5ee8e67b273c42	https://github.com/emacsmirror/aggressive-indent	melpa-recipe	-
agitjo	20260523.2048	https://codeberg.org/halvin/agitjo	fa9737479f44c62f76e2dc6561ffb340d8eead3e	https://codeberg.org/halvin/agitjo	fa9737479f44c62f76e2dc6561ffb340d8eead3e	https://github.com/emacsmirror/agitjo	melpa-recipe	magit,markdown-mode,transient
agtags	20250523.1654	https://github.com/vietor/agtags	afb45864557fe08570ee26b7bc7bf9197a6a7538	https://github.com/vietor/agtags	afb45864557fe08570ee26b7bc7bf9197a6a7538	https://github.com/emacsmirror/agtags	melpa-recipe	-
ah	20220730.1058	https://github.com/takaxp/ah	8e12223f0f423e7fa882cc049a25af6db755902d	https://github.com/takaxp/ah	8e12223f0f423e7fa882cc049a25af6db755902d	https://github.com/emacsmirror/ah	melpa-recipe	-
ahg	20241113.748	https://bitbucket.org/agriggio/ahg	d57b91d52e5c2c501cb7112af53c6549397ea1b5	https://bitbucket.org/agriggio/ahg	d57b91d52e5c2c501cb7112af53c6549397ea1b5	https://github.com/emacsmirror/ahg	melpa-recipe	-
ahk-mode	20200412.1832	https://github.com/punassuming/ahk-mode	729007b5f22a49f5187ff47fca18c0d674e73047	https://github.com/punassuming/ahk-mode	729007b5f22a49f5187ff47fca18c0d674e73047	https://github.com/emacsmirror/ahk-mode	melpa-recipe	-
ahungry-theme	20180131.328	https://github.com/ahungry/color-theme-ahungry	a038d91ec593d1f1b19ca66a0576d59bbc24c523	https://github.com/ahungry/color-theme-ahungry	a038d91ec593d1f1b19ca66a0576d59bbc24c523	https://github.com/emacsmirror/ahungry-theme	melpa-recipe	-
ai-code	20260727.2322	https://github.com/tninja/ai-code-interface.el	8471c1a56c012fc5fbb93eb2a25fd17bd0533e4a	https://github.com/tninja/ai-code-interface.el	8471c1a56c012fc5fbb93eb2a25fd17bd0533e4a	https://github.com/emacsmirror/ai-code	melpa-recipe	magit,transient
aider	20251201.133	https://github.com/tninja/aider.el	5c2c093f20e14ca5f47ebbb35d4e198550f9fffc	https://github.com/tninja/aider.el	5c2c093f20e14ca5f47ebbb35d4e198550f9fffc	https://github.com/emacsmirror/aider	melpa-recipe	magit,markdown-mode,s,transient
aidermacs	20260726.839	https://github.com/MatthewZMD/aidermacs	a58f5b38de9c6db3a818edc24db513d8cc99313c	https://github.com/MatthewZMD/aidermacs	a58f5b38de9c6db3a818edc24db513d8cc99313c	https://github.com/emacsmirror/aidermacs	melpa-recipe	markdown-mode,transient
aidev-mode	20250318.2144	https://github.com/inaimathi/aidev-mode	5a71b7ddc43be3629e2c2928e349fee78099989f	https://github.com/inaimathi/aidev-mode	5a71b7ddc43be3629e2c2928e349fee78099989f	https://github.com/emacsmirror/aidev-mode	melpa-recipe	request
aiken-mode	20230920.1210	https://github.com/aiken-lang/aiken-mode	1af54e4df02eb52cf62034acbe1c6dd54776d843	https://github.com/aiken-lang/aiken-mode	1af54e4df02eb52cf62034acbe1c6dd54776d843	https://github.com/emacsmirror/aiken-mode	melpa-recipe	-
aio	20260214.1529	https://github.com/skeeto/emacs-aio	0e94a06bb035953cbbb4242568b38ca15443ad4c	https://github.com/skeeto/emacs-aio	0e94a06bb035953cbbb4242568b38ca15443ad4c	https://github.com/emacsmirror/aio	melpa-recipe	-
airline-themes	20250502.1915	https://github.com/AnthonyDiGirolamo/airline-themes	827a2dae106ecf1fb14793c43f13c4a6cd045c9a	https://github.com/AnthonyDiGirolamo/airline-themes	827a2dae106ecf1fb14793c43f13c4a6cd045c9a	https://github.com/emacsmirror/airline-themes	melpa-recipe	powerline
airplay	20130212.1226	https://github.com/gongo/airplay-el	46fad71d293a3e18551cf464fe6c6208a7a32d9d	https://github.com/gongo/airplay-el	46fad71d293a3e18551cf464fe6c6208a7a32d9d	https://github.com/emacsmirror/airplay	melpa-recipe	deferred,request,simple-httpd
alabaster-themes	20260113.657	https://github.com/vedang/alabaster-themes	2d3dcfc6ac8988d23f8065a580f7dcf4ff607e56	https://github.com/vedang/alabaster-themes	2d3dcfc6ac8988d23f8065a580f7dcf4ff607e56	https://github.com/emacsmirror/alabaster-themes	melpa-recipe	-
alan-mode	20260523.1330	https://github.com/alan-platform/AlanForEmacs	10d7a0a51451e9b023ac3dc0b24fdba9d81ecb2c	https://github.com/alan-platform/AlanForEmacs	10d7a0a51451e9b023ac3dc0b24fdba9d81ecb2c	https://github.com/emacsmirror/alan-mode	melpa-recipe	flycheck,s
alarm-clock	20250123.556	https://github.com/wlemuel/alarm-clock	8a805d365aa38be32041c4e968bb624d3bb1b54b	https://github.com/wlemuel/alarm-clock	8a805d365aa38be32041c4e968bb624d3bb1b54b	https://github.com/emacsmirror/alarm-clock	melpa-recipe	-
alchemist	20180312.1304	https://github.com/tonini/alchemist.el	6f99367511ae209f8fe2c990779764bbb4ccb6ed	https://github.com/tonini/alchemist.el	6f99367511ae209f8fe2c990779764bbb4ccb6ed	https://github.com/emacsmirror/alchemist	melpa-recipe	company,dash,elixir-mode,pkg-info,s
alda-mode	20251223.6	https://gitlab.com/jgkamat/alda-mode	bde0e9c5df2810deb48df57f46bb3a1a51d7a8f6	https://gitlab.com/jgkamat/alda-mode	bde0e9c5df2810deb48df57f46bb3a1a51d7a8f6	https://github.com/emacsmirror/alda-mode	melpa-recipe	-
alect-themes	20251205.1503	https://github.com/alezost/alect-themes	b1f97e4bc0dc6ec91c7e9999fbe9fa371016463b	https://github.com/alezost/alect-themes	b1f97e4bc0dc6ec91c7e9999fbe9fa371016463b	https://github.com/emacsmirror/alect-themes	melpa-recipe	-
alectryon	20260525.2000	https://github.com/cpitclaudel/alectryon	bf99e72c54579460769984ba668e46c235ad18d8	https://github.com/cpitclaudel/alectryon	bf99e72c54579460769984ba668e46c235ad18d8	https://github.com/emacsmirror/alectryon	source-glob:etc/elisp/alectryon.el	flycheck
alert	20260316.2025	https://github.com/jwiegley/alert	fb8f1fc7f769d7b3ed93b47bd8252f2947c96d9c	https://github.com/jwiegley/alert	fb8f1fc7f769d7b3ed93b47bd8252f2947c96d9c	https://github.com/emacsmirror/alert	melpa-recipe	gntp,log4e
alert-termux	20181119.951	https://github.com/gergelypolonkai/alert-termux	8215cf1d86392738c35a90bbc0055359265dfc4d	https://github.com/gergelypolonkai/alert-termux	8215cf1d86392738c35a90bbc0055359265dfc4d	https://github.com/emacsmirror/alert-termux	melpa-recipe	-
alert-toast	20220312.229	https://github.com/gkowzan/alert-toast	96c88c93c1084de681700f655223142ee0eb944a	https://github.com/gkowzan/alert-toast	96c88c93c1084de681700f655223142ee0eb944a	https://github.com/emacsmirror/alert-toast	melpa-recipe	alert,f,s
align-cljlet	20160112.2101	https://github.com/gstamp/align-cljlet	ebcf0a912e836579a3a9d386e22c1c4bef7fba17	https://github.com/gstamp/align-cljlet	ebcf0a912e836579a3a9d386e22c1c4bef7fba17	https://github.com/emacsmirror/align-cljlet	melpa-recipe	clojure-mode
all	1.0	https://github.com/conao3/all.el	d3f5a18962170c69cbff9dbbabcf07acfa2763f8	https://github.com/conao3/all.el	d3f5a18962170c69cbff9dbbabcf07acfa2763f8		source-default	-
all-ext	20200315.1443	https://github.com/rubikitch/all-ext	c865c62506af2c9edc7705a7c24dc8b70d5d4de2	https://github.com/rubikitch/all-ext	c865c62506af2c9edc7705a7c24dc8b70d5d4de2	https://github.com/emacsmirror/all-ext	melpa-recipe	all
all-the-icons	20250527.927	https://github.com/domtronn/all-the-icons.el	4778632b29c8c8d2b7cd9ce69535d0be01d846f9	https://github.com/domtronn/all-the-icons.el	4778632b29c8c8d2b7cd9ce69535d0be01d846f9	https://github.com/emacsmirror/all-the-icons	melpa-recipe	-
all-the-icons-completion	20240128.2048	https://github.com/iyefrat/all-the-icons-completion	4c8bcad8033f5d0868ce82ea3807c6cd46c4a198	https://github.com/iyefrat/all-the-icons-completion	4c8bcad8033f5d0868ce82ea3807c6cd46c4a198	https://github.com/emacsmirror/all-the-icons-completion	melpa-recipe	all-the-icons
all-the-icons-dired	20231207.1324	https://github.com/wyuenho/all-the-icons-dired	e157f0668f22ed586aebe0a2c0186ab07702986c	https://github.com/wyuenho/all-the-icons-dired	e157f0668f22ed586aebe0a2c0186ab07702986c	https://github.com/emacsmirror/all-the-icons-dired	melpa-recipe	all-the-icons
all-the-icons-gnus	20180511.654	https://github.com/nlamirault/all-the-icons-gnus	27f78996da0725943bcfb2d18038e6f7bddfa9c7	https://github.com/nlamirault/all-the-icons-gnus	27f78996da0725943bcfb2d18038e6f7bddfa9c7	https://github.com/emacsmirror/all-the-icons-gnus	melpa-recipe	all-the-icons,dash
all-the-icons-ibuffer	20230503.1625	https://github.com/seagle0128/all-the-icons-ibuffer	400860b2990529bd3a915e4d0a55fbc6d128a3ba	https://github.com/seagle0128/all-the-icons-ibuffer	400860b2990529bd3a915e4d0a55fbc6d128a3ba	https://github.com/emacsmirror/all-the-icons-ibuffer	melpa-recipe	all-the-icons
all-the-icons-ivy	20190508.1803	https://github.com/asok/all-the-icons-ivy	babea626db20773de4c408acb2788e2b9c8277e3	https://github.com/asok/all-the-icons-ivy	babea626db20773de4c408acb2788e2b9c8277e3	https://github.com/emacsmirror/all-the-icons-ivy	melpa-recipe	all-the-icons,ivy
all-the-icons-ivy-rich	20230420.1234	https://github.com/seagle0128/all-the-icons-ivy-rich	c098cc85123a401b0ab8f2afd3a25853e61d7d28	https://github.com/seagle0128/all-the-icons-ivy-rich	c098cc85123a401b0ab8f2afd3a25853e61d7d28	https://github.com/emacsmirror/all-the-icons-ivy-rich	melpa-recipe	all-the-icons,ivy-rich
all-the-icons-nerd-fonts	20260614.1246	https://github.com/mohkale/all-the-icons-nerd-fonts	4583cf5e8cce73c35e8ec3195915ce693d703bb1	https://github.com/mohkale/all-the-icons-nerd-fonts	4583cf5e8cce73c35e8ec3195915ce693d703bb1	https://github.com/emacsmirror/all-the-icons-nerd-fonts	melpa-recipe	all-the-icons,nerd-icons
almost-mono-themes	20250722.1957	https://codeberg.org/cryon/almost-mono-themes	1b739fef5f26a64ea22736012c3899d70c83df2d	https://codeberg.org/cryon/almost-mono-themes	1b739fef5f26a64ea22736012c3899d70c83df2d	https://github.com/emacsmirror/almost-mono-themes	melpa-recipe	-
alsamixer	20250106.1025	https://codeberg.org/rwv/alsamixer-el	5f5a1f26637ca1b2a8ac964fc86a59522e3f778e	https://codeberg.org/rwv/alsamixer-el	5f5a1f26637ca1b2a8ac964fc86a59522e3f778e	https://github.com/emacsmirror/alsamixer	melpa-recipe	-
alt-codes	20260101.557	https://github.com/jcs-elpa/alt-codes	1a4df7f34b1072ef199aba602c6c3901d3da5bb1	https://github.com/jcs-elpa/alt-codes	1a4df7f34b1072ef199aba602c6c3901d3da5bb1	https://github.com/emacsmirror/alt-codes	melpa-recipe	-
amaranth-dark-theme	20251228.1916	https://github.com/a9sk/amaranth-dark-theme	624e0b5ef632b3adfdc03e44dce7a98cd48d47ed	https://github.com/a9sk/amaranth-dark-theme	624e0b5ef632b3adfdc03e44dce7a98cd48d47ed	https://github.com/emacsmirror/amaranth-dark-theme	melpa-recipe	-
amber-glow-theme	20250305.936	https://github.com/Umer-Arif/unique-emacs-theme-pack	43afeb68b3ba0394f8cc925ebb90e9a6620b4b28	https://github.com/Umer-Arif/unique-emacs-theme-pack	43afeb68b3ba0394f8cc925ebb90e9a6620b4b28	https://github.com/emacsmirror/amber-glow-theme	melpa-recipe	-
amd-mode	20180111.1402	https://github.com/NicolasPetton/amd-mode.el	01fd19e0d635ccaf8e812364d8720733f2e84126	https://github.com/NicolasPetton/amd-mode.el	01fd19e0d635ccaf8e812364d8720733f2e84126	https://github.com/emacsmirror/amd-mode	melpa-recipe	f,js2-mode,js2-refactor,makey,projectile,s
ameba	20200103.1454	https://github.com/crystal-ameba/ameba.el	0c4925ae0e998818326adcb47ed27ddf9761c7dc	https://github.com/crystal-ameba/ameba.el	0c4925ae0e998818326adcb47ed27ddf9761c7dc	https://github.com/emacsmirror/ameba	melpa-recipe	-
ample-regexps	20200508.1021	https://github.com/immerrr/ample-regexps.el	153969ce547afe410b8986f01c9ed4087c9cd20b	https://github.com/immerrr/ample-regexps.el	153969ce547afe410b8986f01c9ed4087c9cd20b	https://github.com/emacsmirror/ample-regexps	melpa-recipe	-
ample-theme	20260611.1532	https://github.com/jordonbiondo/ample-theme	6952b29a588c854084ca1360bed16c9bc2d48e37	https://github.com/jordonbiondo/ample-theme	6952b29a588c854084ca1360bed16c9bc2d48e37	https://github.com/emacsmirror/ample-theme	melpa-recipe	-
ample-zen-theme	20150119.2154	https://github.com/mjwall/ample-zen	b277bb7abd4b6624e8d59f02474b79af50a007bd	https://github.com/mjwall/ample-zen	b277bb7abd4b6624e8d59f02474b79af50a007bd	https://github.com/emacsmirror/ample-zen-theme	melpa-recipe	-
amread-mode	20240903.1534	https://repo.or.cz/amread-mode.git	bf06b05c6322fe74f0e5ac2436cad46f66f673c6	https://repo.or.cz/amread-mode.git	bf06b05c6322fe74f0e5ac2436cad46f66f673c6	https://github.com/emacsmirror/amread-mode	melpa-recipe	hydra,pyim
amsreftex	20240512.1746	https://github.com/franburstall/amsreftex	c508b05536a04ee153a9947f025d24930c52209a	https://github.com/franburstall/amsreftex	c508b05536a04ee153a9947f025d24930c52209a	https://github.com/emacsmirror/amsreftex	melpa-recipe	-
amx	20230413.1210	https://github.com/DarwinAwardWinner/amx	1c2428d21e9d2ee8bee944b572a39ca8c91ca13b	https://github.com/DarwinAwardWinner/amx	1c2428d21e9d2ee8bee944b572a39ca8c91ca13b	https://github.com/emacsmirror/amx	melpa-recipe	s
anaconda-mode	20250430.227	https://github.com/pythonic-emacs/anaconda-mode	ee1562c6b443be9208910c700e229824b2f1af7a	https://github.com/pythonic-emacs/anaconda-mode	ee1562c6b443be9208910c700e229824b2f1af7a	https://github.com/emacsmirror/anaconda-mode	melpa-recipe	dash,f,pythonic,s
anakondo	20210221.1727	https://github.com/didibus/anakondo	16b0ba14d94a5d7e55655efc9e1d6d069a9306f2	https://github.com/didibus/anakondo	16b0ba14d94a5d7e55655efc9e1d6d069a9306f2	https://github.com/emacsmirror/anakondo	melpa-recipe	-
anaphora	20260720.903	https://github.com/rolandwalker/anaphora	d22ae8afd3b3bf6a383f6a6c27522893b57130b1	https://github.com/rolandwalker/anaphora	d22ae8afd3b3bf6a383f6a6c27522893b57130b1	https://github.com/emacsmirror/anaphora	melpa-recipe	-
ancient-one-dark-theme	20211030.1358	https://github.com/sigvt/ancient-one-dark-emacs	a0eaa8bce0ffc25d1469af48a74e80f820bab0ab	https://github.com/sigvt/ancient-one-dark-emacs	a0eaa8bce0ffc25d1469af48a74e80f820bab0ab	https://github.com/emacsmirror/ancient-one-dark-theme	melpa-recipe	-
ancient-theme	20260322.1856	https://github.com/ThomasBestvina/ancient-theme	6b5c5a016a8460739215aac8eeb16be9fa357b4e	https://github.com/ThomasBestvina/ancient-theme	6b5c5a016a8460739215aac8eeb16be9fa357b4e	https://github.com/emacsmirror/ancient-theme	melpa-recipe	-
android-env	20220810.1449	https://github.com/fernando-jascovich/android-env.el	d2890f1156ed184314adbfcf01cdceb6ea79b10d	https://github.com/fernando-jascovich/android-env.el	d2890f1156ed184314adbfcf01cdceb6ea79b10d	https://github.com/emacsmirror/android-env	melpa-recipe	s
android-mode	20250106.1022	https://codeberg.org/rwv/android-mode	67f7c0d7d37605efc7f055b76d731556861c3eb9	https://codeberg.org/rwv/android-mode	67f7c0d7d37605efc7f055b76d731556861c3eb9	https://github.com/emacsmirror/android-mode	melpa-recipe	-
angry-police-captain	20120829.1252	https://github.com/rolpereira/angry-police-captain-el	d11931c5cb63368dcc4a48797962428cca6d3e9d	https://github.com/rolpereira/angry-police-captain-el	d11931c5cb63368dcc4a48797962428cca6d3e9d	https://github.com/emacsmirror/angry-police-captain	melpa-recipe	-
angular-mode	20151201.2127	https://github.com/emacsattic/angular-mode	8720cde86af0f1859ccc8580571e8d0ad1c52cff	https://github.com/emacsattic/angular-mode	8720cde86af0f1859ccc8580571e8d0ad1c52cff		melpa-recipe	-
angular-snippets	20140514.523	https://github.com/magnars/angular-snippets.el	af5ae0a4a8603b040446c28afcf6ca01a8b4bd7b	https://github.com/magnars/angular-snippets.el	af5ae0a4a8603b040446c28afcf6ca01a8b4bd7b	https://github.com/emacsmirror/angular-snippets	melpa-recipe	dash,s
anju	20260701.2139	https://github.com/kickingvegas/anju	f5d27108ffe5facb6886fab191068efd1faea39f	https://github.com/kickingvegas/anju	f5d27108ffe5facb6886fab191068efd1faea39f	https://github.com/emacsmirror/anju	melpa-recipe	casual,markdown-mode
anki-connect	20250414.1301	https://github.com/lujun9972/anki-connect.el	e32e611d54a3819f88c5ff58009df70c9ae01934	https://github.com/lujun9972/anki-connect.el	e32e611d54a3819f88c5ff58009df70c9ae01934	https://github.com/emacsmirror/anki-connect	melpa-recipe	-
anki-editor	20260714.1156	https://github.com/anki-editor/anki-editor	4a55c3f937b176d31e36d484c196682cae9f9104	https://github.com/anki-editor/anki-editor	4a55c3f937b176d31e36d484c196682cae9f9104	https://github.com/emacsmirror/anki-editor	melpa-recipe	-
anki-editor-view	20230807.806	https://gitlab.com/vherrmann/anki-editor-view	6ad8c6be4f44de0c33eab012e507320b732d4800	https://gitlab.com/vherrmann/anki-editor-view	6ad8c6be4f44de0c33eab012e507320b732d4800	https://github.com/emacsmirror/anki-editor-view	melpa-recipe	-
anki-mode	20201223.719	https://github.com/davidshepherd7/anki-mode	7cde5a68c9d0ef3811b0bd480274ea79909d2ddc	https://github.com/davidshepherd7/anki-mode	7cde5a68c9d0ef3811b0bd480274ea79909d2ddc	https://github.com/emacsmirror/anki-mode	melpa-recipe	dash,markdown-mode,request,s
anki-vocabulary	20200103.325	https://github.com/lujun9972/anki-vocabulary.el	863fe0219577f996ab126f1b7902db3c2cc59b2b	https://github.com/lujun9972/anki-vocabulary.el	863fe0219577f996ab126f1b7902db3c2cc59b2b	https://github.com/emacsmirror/anki-vocabulary	melpa-recipe	anki-connect,s,youdao-dictionary
annalist	20260531.1558	https://github.com/noctuid/annalist.el	0d958732b710a8e9edc4c70b2318570e1c7d4923	https://github.com/noctuid/annalist.el	0d958732b710a8e9edc4c70b2318570e1c7d4923	https://github.com/emacsmirror/annalist	melpa-recipe	-
annotate	20260514.1320	https://github.com/bastibe/annotate.el	347525024f319ab50735ef324e8900aecda3724c	https://github.com/bastibe/annotate.el	347525024f319ab50735ef324e8900aecda3724c	https://github.com/emacsmirror/annotate	melpa-recipe	-
annotate-depth	20160520.2040	https://github.com/netromdk/annotate-depth	fcb24fa36287250e40d195590c4ca4a8a696277b	https://github.com/netromdk/annotate-depth	fcb24fa36287250e40d195590c4ca4a8a696277b	https://github.com/emacsmirror/annotate-depth	melpa-recipe	-
annotation	20250805.1029	https://github.com/agda/agda	213db6e50bb89c1b0b2832eab4c6caafb137eb6d	https://github.com/agda/agda	213db6e50bb89c1b0b2832eab4c6caafb137eb6d		melpa-recipe	-
annoying-arrows-mode	20161024.646	https://github.com/magnars/annoying-arrows-mode.el	3c42e9807d7696da2da2a21b63beebf9cdb3f5dc	https://github.com/magnars/annoying-arrows-mode.el	3c42e9807d7696da2da2a21b63beebf9cdb3f5dc	https://github.com/emacsmirror/annoying-arrows-mode	melpa-recipe	-
ansi	20251118.230	https://github.com/rejeep/ansi.el	a3aa9daa37a75fec22186399014a790a6c554311	https://github.com/rejeep/ansi.el	a3aa9daa37a75fec22186399014a790a6c554311	https://github.com/emacsmirror/ansi	melpa-recipe	-
ansible	20260607.1852	https://gitlab.com/emacs-ansible/emacs-ansible	0d7bc93ad963677880d99c846a30ea6e6ed9eec5	https://gitlab.com/emacs-ansible/emacs-ansible	0d7bc93ad963677880d99c846a30ea6e6ed9eec5	https://github.com/emacsmirror/ansible	melpa-recipe	f,s
ansible-doc	20160924.824	https://github.com/emacsorphanage/ansible-doc	bc8128a85a79b14f4a121105d87a5eddc33975ad	https://github.com/emacsorphanage/ansible-doc	bc8128a85a79b14f4a121105d87a5eddc33975ad	https://github.com/emacsmirror/ansible-doc	melpa-recipe	-
ansible-vault	20251029.2146	https://github.com/freehck/ansible-vault-mode	74f96ce226f51bec203af343f73182ea132749a6	https://github.com/freehck/ansible-vault-mode	74f96ce226f51bec203af343f73182ea132749a6	https://github.com/emacsmirror/ansible-vault	melpa-recipe	-
ansilove	20250105.1853	https://gitlab.com/xgqt/xgqt-elisp-lib-ansilove	a75eb6c89a1d96e1b4fa028ecca9be8b13c95230	https://gitlab.com/xgqt/xgqt-elisp-lib-ansilove	a75eb6c89a1d96e1b4fa028ecca9be8b13c95230	https://github.com/emacsmirror/ansilove	melpa-recipe	-
ant	20160211.1543	https://github.com/apg/ant-el	510b5a3f57ee4b2855422d88d359a28922c1ab70	https://github.com/apg/ant-el	510b5a3f57ee4b2855422d88d359a28922c1ab70	https://github.com/emacsmirror/ant	melpa-recipe	-
anti-zenburn-theme	20180712.1838	https://github.com/m00natic/anti-zenburn-theme	dbafbaa86be67c1d409873f57a5c0bbe1e7ca158	https://github.com/m00natic/anti-zenburn-theme	dbafbaa86be67c1d409873f57a5c0bbe1e7ca158	https://github.com/emacsmirror/anti-zenburn-theme	melpa-recipe	-
anx-api	20140208.1514	https://github.com/rmloveland/emacs-appnexus-api	b2411ebc966ac32c3ffc61bc22bf183834df0fa0	https://github.com/rmloveland/emacs-appnexus-api	b2411ebc966ac32c3ffc61bc22bf183834df0fa0	https://github.com/emacsmirror/anx-api	melpa-recipe	-
anybar	20160816.1421	https://github.com/tie-rack/anybar-el	7a0743e0d31bcb36ab1bb2e351f3e7139c422ac5	https://github.com/tie-rack/anybar-el	7a0743e0d31bcb36ab1bb2e351f3e7139c422ac5	https://github.com/emacsmirror/anybar	melpa-recipe	-
anyins	20131229.1041	https://github.com/antham/anyins	cd5e3c1abd471c8a67aafc42c4c985a2796f4b9f	https://github.com/antham/anyins	cd5e3c1abd471c8a67aafc42c4c985a2796f4b9f	https://github.com/emacsmirror/anyins	melpa-recipe	-
anzu	20240929.201	https://github.com/emacsorphanage/anzu	bc3a0032bb6aa7f5886f10460cd53eb7b8b020af	https://github.com/emacsorphanage/anzu	bc3a0032bb6aa7f5886f10460cd53eb7b8b020af	https://github.com/emacsmirror/anzu	melpa-recipe	-
aozora-view	20140310.1317	https://github.com/kawabata/aozora-view	b0390616d19e45f15f9a2f5d5688274831e721fd	https://github.com/kawabata/aozora-view	b0390616d19e45f15f9a2f5d5688274831e721fd	https://github.com/emacsmirror/aozora-view	melpa-recipe	-
apache-mode	20210519.1931	https://github.com/emacs-php/apache-mode	f2c11aac2f5fc598123e04f4604bea248689a117	https://github.com/emacs-php/apache-mode	f2c11aac2f5fc598123e04f4604bea248689a117	https://github.com/emacsmirror/apache-mode	melpa-recipe	-
apdl-mode	20250508.908	https://github.com/dieter-wilhelm/apdl-mode	4883ab085811b85cc75c44b5af478ab8f7e98386	https://github.com/dieter-wilhelm/apdl-mode	4883ab085811b85cc75c44b5af478ab8f7e98386	https://github.com/emacsmirror/apdl-mode	melpa-recipe	-
apel	20250608.1806	https://github.com/emacsmirror/apel	1b043cfea58ea146356c237a5286ead69e97417b	https://github.com/emacsmirror/apel	1b043cfea58ea146356c237a5286ead69e97417b		melpa-recipe	-
apheleia	20260619.1935	https://github.com/radian-software/apheleia	14a0bb4454fb2cc3b5b377619288b742ce117da5	https://github.com/radian-software/apheleia	14a0bb4454fb2cc3b5b377619288b742ce117da5	https://github.com/emacsmirror/apheleia	melpa-recipe	-
apib-mode	20200101.1017	https://github.com/w-vi/apib-mode	c6dd05201f6eb9295736d8668a79a7510d11159e	https://github.com/w-vi/apib-mode	c6dd05201f6eb9295736d8668a79a7510d11159e	https://github.com/emacsmirror/apib-mode	melpa-recipe	markdown-mode
apiwrap	20180602.2231	https://github.com/vermiculus/apiwrap.el	e4c9c57d6620a788ec8a715ff1bb50542edea3a6	https://github.com/vermiculus/apiwrap.el	e4c9c57d6620a788ec8a715ff1bb50542edea3a6	https://github.com/emacsmirror/apiwrap	melpa-recipe	-
app-monochrome-themes	20250710.2315	https://github.com/Greybeard-Entertainment/app-monochrome	bd8bfee0b64bf10543f4cefaf40bb5dcd4cf123b	https://github.com/Greybeard-Entertainment/app-monochrome	bd8bfee0b64bf10543f4cefaf40bb5dcd4cf123b	https://github.com/emacsmirror/app-monochrome-themes	melpa-recipe	-
apparmor-mode	20260515.454	https://gitlab.com/apparmor/apparmor-mode	b0e4bbcd30aafd71f484c74164351af40ef885bf	https://gitlab.com/apparmor/apparmor-mode	b0e4bbcd30aafd71f484c74164351af40ef885bf	https://github.com/emacsmirror/apparmor-mode	melpa-recipe	-
apple-container-tramp	20260504.1350	https://github.com/major1201/apple-container-tramp.el	f47d58d029c594f4c9e9b1cfff79630de68a9cb5	https://github.com/major1201/apple-container-tramp.el	f47d58d029c594f4c9e9b1cfff79630de68a9cb5	https://github.com/emacsmirror/apple-container-tramp	melpa-recipe	-
apples-mode	20110121.418	https://github.com/tequilasunset/apples-mode	83a9ab0d6ba82496e2f7df386909b1a55701fccb	https://github.com/tequilasunset/apples-mode	83a9ab0d6ba82496e2f7df386909b1a55701fccb	https://github.com/emacsmirror/apples-mode	melpa-recipe	-
applescript-mode	20210802.1715	https://github.com/emacsorphanage/applescript-mode	00c141bbff46c89a96598b605dee05dd1d89f624	https://github.com/emacsorphanage/applescript-mode	00c141bbff46c89a96598b605dee05dd1d89f624	https://github.com/emacsmirror/applescript-mode	melpa-recipe	-
apropospriate-theme	20251010.121	https://github.com/waymondo/apropospriate-theme	2b26eed7e2063ca93998a6807f5a4e602483a23d	https://github.com/waymondo/apropospriate-theme	2b26eed7e2063ca93998a6807f5a4e602483a23d	https://github.com/emacsmirror/apropospriate-theme	melpa-recipe	-
apt-sources-list	20180527.1241	https://gitlab.com/joewreschnig/apt-sources-list-mode	44112833b3fa7f4d7e43708e5996782e22bb2fa3	https://gitlab.com/joewreschnig/apt-sources-list-mode	44112833b3fa7f4d7e43708e5996782e22bb2fa3	https://github.com/emacsmirror/apt-sources-list	melpa-recipe	-
aqi	20230530.1204	https://github.com/zzkt/aqi	cbff3c6ce691a3a1d2f5636384e29d43f0e1d236	https://github.com/zzkt/aqi	cbff3c6ce691a3a1d2f5636384e29d43f0e1d236	https://github.com/emacsmirror/aqi	melpa-recipe	request
arch-packer	20170730.1321	https://github.com/brotzeit/arch-packer	940e96f7d357c6570b675a0f942181c787f1bfd7	https://github.com/brotzeit/arch-packer	940e96f7d357c6570b675a0f942181c787f1bfd7	https://github.com/emacsmirror/arch-packer	melpa-recipe	async,dash,s
archive-phar	20221009.2129	https://github.com/emacs-php/archive-phar.el	0bda3e338446d06dbe9d8c8837dee746de48632f	https://github.com/emacs-php/archive-phar.el	0bda3e338446d06dbe9d8c8837dee746de48632f	https://github.com/emacsmirror/archive-phar	melpa-recipe	datetime-format,php-runtime
archive-region	20200316.1425	https://github.com/rubikitch/archive-region	53cd2d96ea7c33f320353982b36854f25c900c2e	https://github.com/rubikitch/archive-region	53cd2d96ea7c33f320353982b36854f25c900c2e	https://github.com/emacsmirror/archive-region	melpa-recipe	-
archive-rpm	20220527.632	https://github.com/nbarrientos/archive-rpm	cb48fee04cb0cbb26f760a3b95649f7dac78c6ec	https://github.com/nbarrientos/archive-rpm	cb48fee04cb0cbb26f760a3b95649f7dac78c6ec	https://github.com/emacsmirror/archive-rpm	melpa-recipe	-
arduino-cli-mode	20260628.2219	https://github.com/motform/arduino-cli-mode	d5614acdca80871cf4db65843227223b5a0e3a2c	https://github.com/motform/arduino-cli-mode	d5614acdca80871cf4db65843227223b5a0e3a2c	https://github.com/emacsmirror/arduino-cli-mode	melpa-recipe	-
arduino-mode	20240527.1603	https://repo.or.cz/arduino-mode.git	b2ffd8441851659cb1cc844156073967729585e5	https://repo.or.cz/arduino-mode.git	b2ffd8441851659cb1cc844156073967729585e5	https://github.com/emacsmirror/arduino-mode	melpa-recipe	spinner
aria2	20230314.2131	https://github.com/ukaszg/aria2	1f2cbe624f3a4e0109b5dc123bb4bbed496b15a7	https://github.com/ukaszg/aria2	1f2cbe624f3a4e0109b5dc123bb4bbed496b15a7	https://github.com/emacsmirror/aria2	melpa-recipe	-
ariadne	20131117.1711	https://github.com/manzyuk/ariadne-el	6fe401c7f996bcbc2f685e7971324c6f5e5eaf15	https://github.com/manzyuk/ariadne-el	6fe401c7f996bcbc2f685e7971324c6f5e5eaf15	https://github.com/emacsmirror/ariadne	melpa-recipe	bert
arjen-grey-theme	20170522.2047	https://github.com/credmp/arjen-grey-theme	4cd0be72b65d42390e2105cfdaa408a1ead8d8d1	https://github.com/credmp/arjen-grey-theme	4cd0be72b65d42390e2105cfdaa408a1ead8d8d1	https://github.com/emacsmirror/arjen-grey-theme	melpa-recipe	-
arscript-mode	20240819.1927	https://github.com/captainflasmr/arscript-mode	797e1d0ef1312e8ff846abd0c6853358041f7691	https://github.com/captainflasmr/arscript-mode	797e1d0ef1312e8ff846abd0c6853358041f7691	https://github.com/emacsmirror/arscript-mode	melpa-recipe	-
artbollocks-mode	20251211.1624	https://github.com/sachac/artbollocks-mode	63d20ed2846226f45b35eded69a776143a772ea4	https://github.com/sachac/artbollocks-mode	63d20ed2846226f45b35eded69a776143a772ea4	https://github.com/emacsmirror/artbollocks-mode	melpa-recipe	-
arview	20160419.2109	https://github.com/afainer/arview	5437b4221b64b238c273a651d4792c577dba6d45	https://github.com/afainer/arview	5437b4221b64b238c273a651d4792c577dba6d45	https://github.com/emacsmirror/arview	melpa-recipe	-
arxiv-citation	20230713.627	https://gitlab.com/slotThe/arxiv-citation	04de0dae1121fb92c30b393449c6f8d6d940dbed	https://gitlab.com/slotThe/arxiv-citation	04de0dae1121fb92c30b393449c6f8d6d940dbed	https://github.com/emacsmirror/arxiv-citation	melpa-recipe	dash,s
arxiv-mode	20240111.2203	https://github.com/fizban007/arxiv-mode	f629ec64f8bbac0cadb472c6741f8f33d49e9160	https://github.com/fizban007/arxiv-mode	f629ec64f8bbac0cadb472c6741f8f33d49e9160	https://github.com/emacsmirror/arxiv-mode	melpa-recipe	hydra
ascii-table	20231215.1527	https://github.com/lassik/emacs-ascii-table	dc3c91feff6282303b66816bdcee9e031558ff77	https://github.com/lassik/emacs-ascii-table	dc3c91feff6282303b66816bdcee9e031558ff77	https://github.com/emacsmirror/ascii-table	melpa-recipe	-
asciidoc-mode	20260612.645	https://github.com/bbatsov/asciidoc-mode	8914fad451f9c7f9c2286cf18db5edaa51a92cd7	https://github.com/bbatsov/asciidoc-mode	8914fad451f9c7f9c2286cf18db5edaa51a92cd7	https://github.com/emacsmirror/asciidoc-mode	melpa-recipe	-
asdf-vm	20250710.1053	https://github.com/zellio/emacs-asdf-vm	f6dbb4b6560cd7e5bb05006e9fc416c5c323b567	https://github.com/zellio/emacs-asdf-vm	f6dbb4b6560cd7e5bb05006e9fc416c5c323b567	https://github.com/emacsmirror/asdf-vm	melpa-recipe	-
asilea	20150105.1525	https://github.com/Fanael/asilea	2aab1cc63b64ef08d12e84fd7ba5c94065f6039f	https://github.com/Fanael/asilea	2aab1cc63b64ef08d12e84fd7ba5c94065f6039f	https://github.com/emacsmirror/asilea	melpa-recipe	-
asm-blox	20240106.1930	https://github.com/zkry/asm-blox	6731d8e4f78d0b43ec9b90d8184c1d86d725ac7c	https://github.com/zkry/asm-blox	6731d8e4f78d0b43ec9b90d8184c1d86d725ac7c	https://github.com/emacsmirror/asm-blox	melpa-recipe	yaml
asn1-mode	20170729.226	https://github.com/kawabata/asn1-mode	d5d4a8259daf708411699bcea85d322f18beb972	https://github.com/kawabata/asn1-mode	d5d4a8259daf708411699bcea85d322f18beb972	https://github.com/emacsmirror/asn1-mode	melpa-recipe	s
assess	20240303.1454	https://github.com/phillord/assess	cadeb24a5d8261fad4bdfdc09e7d571cc395a6ca	https://github.com/phillord/assess	cadeb24a5d8261fad4bdfdc09e7d571cc395a6ca	https://github.com/emacsmirror/assess	melpa-recipe	m-buffer
ast-grep	20260702.238	https://github.com/SunskyXH/ast-grep.el	28bc6e9ac21acf1d1ef58b962b6acd670c27e80f	https://github.com/SunskyXH/ast-grep.el	28bc6e9ac21acf1d1ef58b962b6acd670c27e80f	https://github.com/emacsmirror/ast-grep	melpa-recipe	-
astro-ts-mode	20260417.101	https://git.isincredibly.gay/srxl/astro-ts-mode.git	1d24c9d399dee4cfea6ed9b49d8e08891665e16c	https://git.isincredibly.gay/srxl/astro-ts-mode.git	1d24c9d399dee4cfea6ed9b49d8e08891665e16c	https://github.com/emacsmirror/astro-ts-mode	melpa-recipe	-
astute	20241015.444	https://github.com/rnkn/astute	69d413c952771c0d06cda161fb25fe495fb895b0	https://github.com/rnkn/astute	69d413c952771c0d06cda161fb25fe495fb895b0	https://github.com/emacsmirror/astute	melpa-recipe	-
astyle	20200328.616	https://github.com/storvik/emacs-astyle	04ff2941f08c4b731fe6a18ee1697436d1ca1cc0	https://github.com/storvik/emacs-astyle	04ff2941f08c4b731fe6a18ee1697436d1ca1cc0	https://github.com/emacsmirror/astyle	melpa-recipe	reformatter
asx	20191024.1100	https://github.com/ragone/asx	5ca12cc51bb02b5926adf9a7976ba9ca08a1ea21	https://github.com/ragone/asx	5ca12cc51bb02b5926adf9a7976ba9ca08a1ea21	https://github.com/emacsmirror/asx	melpa-recipe	-
async	20260318.1803	https://github.com/jwiegley/emacs-async	5faab28916603bb324d9faba057021ce028ca847	https://github.com/jwiegley/emacs-async	5faab28916603bb324d9faba057021ce028ca847	https://github.com/emacsmirror/async	melpa-recipe	-
async-await	20220827.437	https://github.com/chuntaro/emacs-async-await	e0d15e8057ed7520100bc50c5552278292ebcb07	https://github.com/chuntaro/emacs-async-await	e0d15e8057ed7520100bc50c5552278292ebcb07	https://github.com/emacsmirror/async-await	melpa-recipe	iter2,promise
async-backup	20230412.1534	https://codeberg.org/contrapunctus/async-backup	d07a7bd4a5c3332a8a585680d67925385c595927	https://codeberg.org/contrapunctus/async-backup	d07a7bd4a5c3332a8a585680d67925385c595927	https://github.com/emacsmirror/async-backup	melpa-recipe	-
async-http-queue	20260316.755	https://git.andros.dev/andros/async-http-queue-el.git	bd37342372a0b24ce0d54e9dad8070af997b0a0b	https://git.andros.dev/andros/async-http-queue-el.git	bd37342372a0b24ce0d54e9dad8070af997b0a0b	https://github.com/emacsmirror/async-http-queue	melpa-recipe	-
async-job-queue	20230427.2122	https://github.com/owinebar/emacs-async-job-queue	eeafcce7f960305666b2a51aec55cc6333f6af1b	https://github.com/owinebar/emacs-async-job-queue	eeafcce7f960305666b2a51aec55cc6333f6af1b	https://github.com/emacsmirror/async-job-queue	melpa-recipe	async,queue
async-status	20230821.204	https://github.com/seokbeomKim/async-status	d2f5becc9850c26aa71fb581f9fc389eac740f52	https://github.com/seokbeomKim/async-status	d2f5becc9850c26aa71fb581f9fc389eac740f52	https://github.com/emacsmirror/async-status	melpa-recipe	posframe,svg-lib
async1	20260421.2116	https://github.com/Anoncheg1/emacs-async1	88cccffe14bdd0a61dbb2e33edf8c335706f24dc	https://github.com/Anoncheg1/emacs-async1	88cccffe14bdd0a61dbb2e33edf8c335706f24dc	https://github.com/emacsmirror/async1	melpa-recipe	-
asyncloop	20240818.1247	https://github.com/meedstrom/asyncloop	7d60950d160098a879293e049b9863bc955f8666	https://github.com/meedstrom/asyncloop	7d60950d160098a879293e049b9863bc955f8666	https://github.com/emacsmirror/asyncloop	melpa-recipe	-
atcoder-tools	20200109.1236	https://github.com/sei40kr/emacs-atcoder-tools	cfe61ed18ea9b3b1bfb6f9e7d80a47599680cd1f	https://github.com/sei40kr/emacs-atcoder-tools	cfe61ed18ea9b3b1bfb6f9e7d80a47599680cd1f	https://github.com/emacsmirror/atcoder-tools	melpa-recipe	f,s
atl-long-lines	20240101.929	https://github.com/jcs-legacy/atl-long-lines	82cdd4edefba2d5b1d491bf3fcc487385819d713	https://github.com/jcs-legacy/atl-long-lines	82cdd4edefba2d5b1d491bf3fcc487385819d713	https://github.com/emacsmirror/atl-long-lines	melpa-recipe	-
atl-markup	20240101.933	https://github.com/jcs-legacy/atl-markup	b616343ffe17060d521b214b8e90f5da1e880934	https://github.com/jcs-legacy/atl-markup	b616343ffe17060d521b214b8e90f5da1e880934	https://github.com/emacsmirror/atl-markup	melpa-recipe	-
atom-dark-theme	20220114.1902	https://github.com/whitlockjc/atom-dark-theme-emacs	2b3c7ad42bbcab3214a131f8957b92e717b36ad3	https://github.com/whitlockjc/atom-dark-theme-emacs	2b3c7ad42bbcab3214a131f8957b92e717b36ad3	https://github.com/emacsmirror/atom-dark-theme	melpa-recipe	-
atom-one-dark-theme	20260119.1824	https://github.com/jonathanchu/atom-one-dark-theme	bba02fb2672a4c439d71920d8e068a3ff2ed463e	https://github.com/jonathanchu/atom-one-dark-theme	bba02fb2672a4c439d71920d8e068a3ff2ed463e	https://github.com/emacsmirror/atom-one-dark-theme	melpa-recipe	-
atomic-chrome	20230304.112	https://github.com/alpha22jp/atomic-chrome	f1b077be7e414f457191d72dcf5eedb4371f9309	https://github.com/alpha22jp/atomic-chrome	f1b077be7e414f457191d72dcf5eedb4371f9309	https://github.com/emacsmirror/atomic-chrome	melpa-recipe	websocket
attrap	20260304.1504	https://github.com/jyp/attrap	ad1d9443fcd93e32f2aefadc5af2646701664581	https://github.com/jyp/attrap	ad1d9443fcd93e32f2aefadc5af2646701664581	https://github.com/emacsmirror/attrap	melpa-recipe	dash,f,s
auctex	14.1.2	https://git.savannah.gnu.org/git/auctex.git	5850499d0182b4ca53c078e74711a13995651337	https://git.savannah.gnu.org/git/auctex.git	5850499d0182b4ca53c078e74711a13995651337	https://github.com/emacsmirror/auctex	source-auctex-runtime	-
auctex-cluttex	20240519.1303	https://github.com/tsuu32/auctex-cluttex	1a940892dcbe3e4874d2d60db92de1cb34a1b773	https://github.com/tsuu32/auctex-cluttex	1a940892dcbe3e4874d2d60db92de1cb34a1b773	https://github.com/emacsmirror/auctex-cluttex	melpa-recipe	auctex
auctex-latexmk	20221025.1219	https://github.com/tom-tan/auctex-latexmk	4d353522650d7685acbf1d38f7dbc504f734bd84	https://github.com/emacsmirror/auctex-latexmk	b00a95e6b34c94987fda5a57c20cfe2f064b1c7a		melpa-recipe	auctex
auctex-lua	20151121.1610	https://github.com/vermiculus/auctex-lua	799cd8ac10c96991bb63d9aa60528ae5d8c786b5	https://github.com/vermiculus/auctex-lua	799cd8ac10c96991bb63d9aa60528ae5d8c786b5	https://github.com/emacsmirror/auctex-lua	melpa-recipe	auctex,lua-mode
audacious	20210917.51	https://github.com/shishimaru/audacious.el	65c37f12a5c774a0ae434beee27ff7737006dd2f	https://github.com/shishimaru/audacious.el	65c37f12a5c774a0ae434beee27ff7737006dd2f	https://github.com/emacsmirror/audacious	melpa-recipe	helm
audio-notes-mode	20170611.2159	https://github.com/Malabarba/audio-notes-mode	fa38350829c7e97257efc746a010471d33748a68	https://github.com/Malabarba/audio-notes-mode	fa38350829c7e97257efc746a010471d33748a68	https://github.com/emacsmirror/audio-notes-mode	melpa-recipe	-
aurel	20260429.458	https://github.com/alezost/aurel	c571cc44ea3b9aa96399056bff22919efffbbb06	https://github.com/alezost/aurel	c571cc44ea3b9aa96399056bff22919efffbbb06	https://github.com/emacsmirror/aurel	melpa-recipe	bui
aurora-config-mode	20180216.2302	https://github.com/bdd/aurora-config-mode.el	8273ec7937a21b469b9dbb6c11714255b890f410	https://github.com/bdd/aurora-config-mode.el	8273ec7937a21b469b9dbb6c11714255b890f410	https://github.com/emacsmirror/aurora-config-mode	melpa-recipe	-
australia-holidays	20250706.1213	https://github.com/jmibanez/australia-holidays.el	a73bbc940bc953164b8ed77e61e65a7a3aff4da5	https://github.com/jmibanez/australia-holidays.el	a73bbc940bc953164b8ed77e61e65a7a3aff4da5	https://github.com/emacsmirror/australia-holidays	melpa-recipe	-
auth-source-1password	20260221.2058	https://github.com/dlobraico/auth-source-1password	10961bdc8a3ed551dde29fde416843058bea2374	https://github.com/dlobraico/auth-source-1password	10961bdc8a3ed551dde29fde416843058bea2374	https://github.com/emacsmirror/auth-source-1password	melpa-recipe	-
auth-source-gopass	20230109.1213	https://github.com/triplem/auth-source-gopass	6f7f0cc0d682f66d11f7fac4fa5c1e79904232da	https://github.com/triplem/auth-source-gopass	6f7f0cc0d682f66d11f7fac4fa5c1e79904232da	https://github.com/emacsmirror/auth-source-gopass	melpa-recipe	-
auth-source-keytar	20251231.1726	https://github.com/emacs-grammarly/auth-source-keytar	ae32dd807aa3cff59e4384ce8c9d7de259e45998	https://github.com/emacs-grammarly/auth-source-keytar	ae32dd807aa3cff59e4384ce8c9d7de259e45998	https://github.com/emacsmirror/auth-source-keytar	melpa-recipe	keytar,s
auth-source-kwallet	20250419.1330	https://github.com/vaartis/auth-source-kwallet	1e1bff2403966c3a0683ee65fb28cb8d8ff2c389	https://github.com/vaartis/auth-source-kwallet	1e1bff2403966c3a0683ee65fb28cb8d8ff2c389	https://github.com/emacsmirror/auth-source-kwallet	melpa-recipe	-
auth-source-xoauth2	20220804.2219	https://codeberg.org/ccrusius/auth-source-xoauth2	99a03f8ce835412943d311b2746e77fcf5a1b500	https://codeberg.org/ccrusius/auth-source-xoauth2	99a03f8ce835412943d311b2746e77fcf5a1b500	https://github.com/emacsmirror/auth-source-xoauth2	melpa-recipe	-
auto-async-byte-compile	20160916.454	https://github.com/rubikitch/auto-async-byte-compile	8681e74ddb8481789c5dbb3cafabb327db4c4484	https://github.com/rubikitch/auto-async-byte-compile	8681e74ddb8481789c5dbb3cafabb327db4c4484	https://github.com/emacsmirror/auto-async-byte-compile	melpa-recipe	-
auto-auto-indent	20131106.1903	https://github.com/sabof/auto-auto-indent	0139378577f936d34b20276af6f022fb457af490	https://github.com/sabof/auto-auto-indent	0139378577f936d34b20276af6f022fb457af490	https://github.com/emacsmirror/auto-auto-indent	melpa-recipe	es-lib
auto-compile	20260601.1449	https://github.com/emacscollective/auto-compile	4db3a0e497feecc8b3dbeeefacdf363ae60a6392	https://github.com/emacscollective/auto-compile	4db3a0e497feecc8b3dbeeefacdf363ae60a6392	https://github.com/emacsmirror/auto-compile	melpa-recipe	-
auto-complete	20251231.1622	https://github.com/auto-complete/auto-complete	07f9915e08342410b933145d7934998709753a29	https://github.com/auto-complete/auto-complete	07f9915e08342410b933145d7934998709753a29	https://github.com/emacsmirror/auto-complete	melpa-recipe	popup
auto-complete-auctex	20140223.1758	https://github.com/emacsattic/auto-complete-auctex	855633f668bcc4b9408396742a7cb84e0c4a2f77	https://github.com/emacsattic/auto-complete-auctex	855633f668bcc4b9408396742a7cb84e0c4a2f77		melpa-recipe	auto-complete,yasnippet
auto-complete-c-headers	20150912.323	https://github.com/mooz/auto-complete-c-headers	52fef720c6f274ad8de52bef39a343421006c511	https://github.com/mooz/auto-complete-c-headers	52fef720c6f274ad8de52bef39a343421006c511	https://github.com/emacsmirror/auto-complete-c-headers	melpa-recipe	auto-complete
auto-complete-chunk	20140225.946	https://github.com/tkf/auto-complete-chunk	a9aa77ffb84a1037984a7ce4dda25074272f13fe	https://github.com/tkf/auto-complete-chunk	a9aa77ffb84a1037984a7ce4dda25074272f13fe	https://github.com/emacsmirror/auto-complete-chunk	melpa-recipe	auto-complete
auto-complete-clang	20140409.752	https://github.com/brianjcj/auto-complete-clang	a195db1d0593b4fb97efe50885e12aa6764d998c	https://github.com/brianjcj/auto-complete-clang	a195db1d0593b4fb97efe50885e12aa6764d998c	https://github.com/emacsmirror/auto-complete-clang	melpa-recipe	auto-complete
auto-complete-clang-async	20130526.1527	https://github.com/Golevka/emacs-clang-complete-async	a5114e3477793ccb9420acc5cd6a1cb26be65964	https://github.com/Golevka/emacs-clang-complete-async	a5114e3477793ccb9420acc5cd6a1cb26be65964	https://github.com/emacsmirror/auto-complete-clang-async	melpa-recipe	-
auto-complete-distel	20180827.1344	https://github.com/sebastiw/distel-completion	acc4c0a5521904203d797fe96b08e5fae4233c7e	https://github.com/sebastiw/distel-completion	acc4c0a5521904203d797fe96b08e5fae4233c7e		melpa-recipe	auto-complete,distel-completion-lib
auto-complete-exuberant-ctags	20140320.724	https://github.com/k1LoW/auto-complete-exuberant-ctags	ff6121ff8b71beb5aa606d28fd389c484ed49765	https://github.com/k1LoW/auto-complete-exuberant-ctags	ff6121ff8b71beb5aa606d28fd389c484ed49765	https://github.com/emacsmirror/auto-complete-exuberant-ctags	melpa-recipe	auto-complete
auto-complete-nxml	20140221.458	https://github.com/aki2o/auto-complete-nxml	ac7b09a23e45f9bd02affb31847263de4180163a	https://github.com/aki2o/auto-complete-nxml	ac7b09a23e45f9bd02affb31847263de4180163a	https://github.com/emacsmirror/auto-complete-nxml	melpa-recipe	auto-complete
auto-complete-pcmp	20140303.255	https://github.com/aki2o/auto-complete-pcmp	2595d3dab1ef3549271ca922f212928e9d830eec	https://github.com/aki2o/auto-complete-pcmp	2595d3dab1ef3549271ca922f212928e9d830eec	https://github.com/emacsmirror/auto-complete-pcmp	melpa-recipe	auto-complete,log4e,yaxception
auto-complete-rst	20140225.944	https://github.com/tkf/auto-complete-rst	4803ce41a96224e6fa54e6741a5b5f40ebed7351	https://github.com/tkf/auto-complete-rst	4803ce41a96224e6fa54e6741a5b5f40ebed7351	https://github.com/emacsmirror/auto-complete-rst	melpa-recipe	auto-complete
auto-complete-sage	20160514.751	https://github.com/sagemath/auto-complete-sage	51b8e3905196d266e1f8aa47881189833151b398	https://github.com/sagemath/auto-complete-sage	51b8e3905196d266e1f8aa47881189833151b398	https://github.com/emacsmirror/auto-complete-sage	melpa-recipe	auto-complete,sage-shell-mode
auto-dark	20260313.2356	https://github.com/LionyxML/auto-dark-emacs	6d1e8d2fc493dccbf05c9191611805c7e7881c70	https://github.com/LionyxML/auto-dark-emacs	6d1e8d2fc493dccbf05c9191611805c7e7881c70	https://github.com/emacsmirror/auto-dark	melpa-recipe	-
auto-dictionary	20150410.1610	https://github.com/nschum/auto-dictionary-mode	b364e08009fe0062cf0927d8a0582fad5a12b8e7	https://github.com/nschum/auto-dictionary-mode	b364e08009fe0062cf0927d8a0582fad5a12b8e7	https://github.com/emacsmirror/auto-dictionary	melpa-recipe	-
auto-dim-other-buffers	20260624.950	https://github.com/mina86/auto-dim-other-buffers.el	cf0263073470190b85f6013066856126aac67d19	https://github.com/mina86/auto-dim-other-buffers.el	cf0263073470190b85f6013066856126aac67d19	https://github.com/emacsmirror/auto-dim-other-buffers	melpa-recipe	-
auto-highlight-symbol	20260101.552	https://github.com/elp-revive/auto-highlight-symbol	e84da32e7cf1baefb0a9eef42a2fc842cf18f8b3	https://github.com/elp-revive/auto-highlight-symbol	e84da32e7cf1baefb0a9eef42a2fc842cf18f8b3	https://github.com/emacsmirror/auto-highlight-symbol	melpa-recipe	ht
auto-indent-mode	20211029.11	https://github.com/mattfidler/auto-indent-mode.el	664006b67329a8e27330541547f8c2187dab947c	https://github.com/mattfidler/auto-indent-mode.el	664006b67329a8e27330541547f8c2187dab947c	https://github.com/emacsmirror/auto-indent-mode	melpa-recipe	-
auto-minor-mode	20180527.1123	https://github.com/joewreschnig/auto-minor-mode	c62f4e04c7b73835c399f0348bea0ade2720bcbb	https://github.com/joewreschnig/auto-minor-mode	c62f4e04c7b73835c399f0348bea0ade2720bcbb	https://github.com/emacsmirror/auto-minor-mode	melpa-recipe	-
auto-org-md	20180213.2343	https://github.com/jamcha-aa/auto-org-md	9318338bdb7fe8bd698d88f3af89b2d6413efdd2	https://github.com/jamcha-aa/auto-org-md	9318338bdb7fe8bd698d88f3af89b2d6413efdd2	https://github.com/emacsmirror/auto-org-md	melpa-recipe	-
auto-package-update	20260601.1804	https://github.com/rranelli/auto-package-update.el	e966c6c95de1742d867250dc15b1c6bd570b6ea5	https://github.com/rranelli/auto-package-update.el	e966c6c95de1742d867250dc15b1c6bd570b6ea5	https://github.com/emacsmirror/auto-package-update	melpa-recipe	dash
auto-pause	20160426.1216	https://github.com/lujun9972/auto-pause	a4d778de774ca3895542cb559a953e0d98657338	https://github.com/lujun9972/auto-pause	a4d778de774ca3895542cb559a953e0d98657338	https://github.com/emacsmirror/auto-pause	melpa-recipe	-
auto-read-only	20260521.1659	https://github.com/zonuexe/auto-read-only.el	206d4559762fe6ef9e91de8f9dc43e1e41c0f42c	https://github.com/zonuexe/auto-read-only.el	206d4559762fe6ef9e91de8f9dc43e1e41c0f42c	https://github.com/emacsmirror/auto-read-only	melpa-recipe	-
auto-rename-tag	20260101.547	https://github.com/emacs-vs/auto-rename-tag	ace6de8bc8200aa9c9f37c8266d0e1b51627b559	https://github.com/emacs-vs/auto-rename-tag	ace6de8bc8200aa9c9f37c8266d0e1b51627b559	https://github.com/emacsmirror/auto-rename-tag	melpa-recipe	-
auto-save-buffers-enhanced	20161109.710	https://github.com/kentaro/auto-save-buffers-enhanced	461e8c816c1b7c650be5f209078b381fe55da8c6	https://github.com/kentaro/auto-save-buffers-enhanced	461e8c816c1b7c650be5f209078b381fe55da8c6	https://github.com/emacsmirror/auto-save-buffers-enhanced	melpa-recipe	-
auto-save-visited-local-mode	20251021.1126	https://github.com/pierrelegall/auto-save-visited-local-mode	78a46d8a02360b4c63e45496bd32efe351459c81	https://github.com/pierrelegall/auto-save-visited-local-mode	78a46d8a02360b4c63e45496bd32efe351459c81	https://github.com/emacsmirror/auto-save-visited-local-mode	melpa-recipe	-
auto-shell-command	20180817.1502	https://github.com/ongaeshi/auto-shell-command	a8f9213e3c773b5687b81881240e6e648f2f56ba	https://github.com/ongaeshi/auto-shell-command	a8f9213e3c773b5687b81881240e6e648f2f56ba	https://github.com/emacsmirror/auto-shell-command	melpa-recipe	deferred,popwin
auto-sort-mode	20230827.2124	https://github.com/rweir/auto-sort-mode	3ffa4e2a76a6dda949fdfd200f623a17c4796559	https://github.com/rweir/auto-sort-mode	3ffa4e2a76a6dda949fdfd200f623a17c4796559	https://github.com/emacsmirror/auto-sort-mode	melpa-recipe	-
auto-space-mode	20260204.255	https://github.com/wowhxj/auto-space-mode	38cd6bc259522250c1df88f24d0a3cc3727fb982	https://github.com/wowhxj/auto-space-mode	38cd6bc259522250c1df88f24d0a3cc3727fb982	https://github.com/emacsmirror/auto-space-mode	melpa-recipe	-
auto-yasnippet	20230208.331	https://github.com/abo-abo/auto-yasnippet	6a9e406d0d7f9dfd6dff7647f358cb05a0b1637e	https://github.com/abo-abo/auto-yasnippet	6a9e406d0d7f9dfd6dff7647f358cb05a0b1637e	https://github.com/emacsmirror/auto-yasnippet	melpa-recipe	yasnippet
autothemer	20260530.2349	https://github.com/jasonm23/autothemer	99fd9b45ef6cc931fcf030b1a6c050ca3c17ce04	https://github.com/jasonm23/autothemer	99fd9b45ef6cc931fcf030b1a6c050ca3c17ce04	https://github.com/emacsmirror/autothemer	melpa-recipe	dash
avy	20241101.1357	https://github.com/abo-abo/avy	933d1f36cca0f71e4acb5fac707e9ae26c536264	https://github.com/abo-abo/avy	933d1f36cca0f71e4acb5fac707e9ae26c536264	https://github.com/emacsmirror/avy	melpa-recipe	-
avy-menu	20230606.1519	https://github.com/mrkkrp/avy-menu	e79d892afd974105a6b24e8985fef0c9a1b10b4c	https://github.com/mrkkrp/avy-menu	e79d892afd974105a6b24e8985fef0c9a1b10b4c	https://github.com/emacsmirror/avy-menu	melpa-recipe	avy
bash-completion	20260206.1459	https://github.com/szermatt/emacs-bash-completion	5b621db96efc549c64436011a81fd658c6dcf6a0	https://github.com/szermatt/emacs-bash-completion	5b621db96efc549c64436011a81fd658c6dcf6a0	https://github.com/emacsmirror/bash-completion	melpa-recipe	-
beacon	20220730.100	https://github.com/Malabarba/beacon	85261a928ae0ec3b41e639f05291ffd6bf7c231c	https://github.com/Malabarba/beacon	85261a928ae0ec3b41e639f05291ffd6bf7c231c	https://github.com/emacsmirror/beacon	melpa-recipe	-
bert	20131117.1014	https://github.com/manzyuk/bert-el	a3eec6980a725aa4abd2019e4c00246450260490	https://github.com/manzyuk/bert-el	a3eec6980a725aa4abd2019e4c00246450260490	https://github.com/emacsmirror/bert	melpa-recipe	-
biblio	20250812.1408	https://github.com/cpitclaudel/biblio.el	bb9d6b4b962fb2a4e965d27888268b66d868766b	https://github.com/cpitclaudel/biblio.el	bb9d6b4b962fb2a4e965d27888268b66d868766b	https://github.com/emacsmirror/biblio	melpa-recipe	biblio-core
biblio-core	20230202.1721	https://github.com/cpitclaudel/biblio.el	ee52f6cda82ea6fbc3b400e7b12132595cc0374c	https://github.com/cpitclaudel/biblio.el	ee52f6cda82ea6fbc3b400e7b12132595cc0374c	https://github.com/emacsmirror/biblio	melpa-recipe	dash
bibtex-completion	20241116.726	https://github.com/tmalsburg/helm-bibtex	6064e8625b2958f34d6d40312903a85c173b5261	https://github.com/tmalsburg/helm-bibtex	6064e8625b2958f34d6d40312903a85c173b5261	https://github.com/emacsmirror/bibtex-completion	melpa-recipe	biblio,dash,f,parsebib,s
bind-map	20251119.201	https://github.com/justbur/emacs-bind-map	75aac732c10d97bc8dc49196c6623a09faf30d37	https://github.com/justbur/emacs-bind-map	75aac732c10d97bc8dc49196c6623a09faf30d37	https://github.com/emacsmirror/bind-map	melpa-recipe	-
blacken	20231129.654	https://github.com/pythonic-emacs/blacken	a43695f9cb412df93ac8d38b55ab1515e86e217e	https://github.com/pythonic-emacs/blacken	a43695f9cb412df93ac8d38b55ab1515e86e217e	https://github.com/emacsmirror/blacken	melpa-recipe	-
browse-at-remote	20260126.608	https://github.com/rmuslimov/browse-at-remote	38e5ffd77493c17c821fd88f938dbf42705a5158	https://github.com/rmuslimov/browse-at-remote	38e5ffd77493c17c821fd88f938dbf42705a5158	https://github.com/emacsmirror/browse-at-remote	melpa-recipe	f,s
browse-kill-ring	20260503.1620	https://github.com/browse-kill-ring/browse-kill-ring	39d65a830b93530c9bd68a7dc14353cbffd1d01f	https://github.com/browse-kill-ring/browse-kill-ring	39d65a830b93530c9bd68a7dc14353cbffd1d01f	https://github.com/emacsmirror/browse-kill-ring	melpa-recipe	-
buffer-move	20220512.755	https://github.com/lukhas/buffer-move	e7800b3ab1bd76ee475ef35507ec51ecd5a3f065	https://github.com/lukhas/buffer-move	e7800b3ab1bd76ee475ef35507ec51ecd5a3f065	https://github.com/emacsmirror/buffer-move	melpa-recipe	-
bui	20260502.730	https://github.com/alezost/bui.el	4319e1bf3ff94ff0568eed280ac1f980a4b68679	https://github.com/alezost/bui.el	4319e1bf3ff94ff0568eed280ac1f980a4b68679	https://github.com/emacsmirror/bui	melpa-recipe	-
buttercup	20260512.2141	https://github.com/jorgenschaefer/emacs-buttercup	39c8e762408a166a5afa03b8e79dd8d1a0de5caa	https://github.com/jorgenschaefer/emacs-buttercup	39c8e762408a166a5afa03b8e79dd8d1a0de5caa	https://github.com/emacsmirror/buttercup	melpa-recipe	-
caml	20250227.1734	https://github.com/ocaml/caml-mode	744333dc4c4bd8b93e037efa8f7362b0903b96a2	https://github.com/ocaml/caml-mode	744333dc4c4bd8b93e037efa8f7362b0903b96a2	https://github.com/emacsmirror/caml-mode	melpa-recipe	-
cape	20260804.2303	https://github.com/minad/cape	96c26eb54ef27c404554272489b8f9d78f113a2b	https://github.com/minad/cape	96c26eb54ef27c404554272489b8f9d78f113a2b	https://github.com/emacsmirror/cape	melpa-recipe	-
cargo	20231229.915	https://github.com/kwrooijen/cargo.el	7f8466063381eed05d4e222ce822b1dd44e3bf17	https://github.com/kwrooijen/cargo.el	7f8466063381eed05d4e222ce822b1dd44e3bf17	https://github.com/emacsmirror/cargo	melpa-recipe	markdown-mode
casual	20260718.1803	https://github.com/kickingvegas/casual	cadbeab2ec45804e63a328202c9a82fbed2413c5	https://github.com/kickingvegas/casual	cadbeab2ec45804e63a328202c9a82fbed2413c5	https://github.com/emacsmirror/casual	melpa-recipe	csv-mode,transient
ccc	20260322.1316	https://github.com/skk-dev/ddskk	29a290bb62fa58bd8aad330c54049b7a7ac8449a	https://github.com/skk-dev/ddskk	29a290bb62fa58bd8aad330c54049b7a7ac8449a		melpa-recipe	-
ccls	20260507.1746	https://github.com/emacs-lsp/emacs-ccls	f728c92e33844f1da54cb47ecb4e44160f2042a8	https://github.com/emacs-lsp/emacs-ccls	f728c92e33844f1da54cb47ecb4e44160f2042a8	https://github.com/emacsmirror/ccls	melpa-recipe	dash,lsp-mode
cdb	20230318.2152	https://github.com/skk-dev/ddskk	3820fa6bb0d53132aafb611a643c1e41e444052b	https://github.com/skk-dev/ddskk	3820fa6bb0d53132aafb611a643c1e41e444052b		melpa-recipe	-
centered-cursor-mode	20230914.1358	https://github.com/andre-r/centered-cursor-mode.el	67ef719e685407dbc455c7430765e4e685fd95a9	https://github.com/andre-r/centered-cursor-mode.el	67ef719e685407dbc455c7430765e4e685fd95a9	https://github.com/emacsmirror/centered-cursor-mode	melpa-recipe	-
cfrs	20250729.1422	https://github.com/Alexander-Miller/cfrs	981bddb3fb9fd9c58aed182e352975bd10ad74c8	https://github.com/Alexander-Miller/cfrs	981bddb3fb9fd9c58aed182e352975bd10ad74c8	https://github.com/emacsmirror/cfrs	melpa-recipe	dash,posframe,s
chinese-word-at-point	20170811.941	https://github.com/xuchunyang/chinese-word-at-point.el	8223d7439e005555b86995a005b225ae042f0538	https://github.com/xuchunyang/chinese-word-at-point.el	8223d7439e005555b86995a005b225ae042f0538	https://github.com/emacsmirror/chinese-word-at-point	melpa-recipe	-
cider	20260729.1056	https://github.com/clojure-emacs/cider	567503cec96bf463e031eef6e0d258ba87b17188	https://github.com/clojure-emacs/cider	567503cec96bf463e031eef6e0d258ba87b17188	https://github.com/emacsmirror/cider	melpa-recipe	clojure-mode,compat,parseedn,queue,sesman,spinner,transient
citeproc	20260113.1047	https://github.com/andras-simonyi/citeproc-el	4bde999a41803fe519ea80eab8b813d53503eebd	https://github.com/andras-simonyi/citeproc-el	4bde999a41803fe519ea80eab8b813d53503eebd	https://github.com/emacsmirror/citeproc	melpa-recipe	compat,dash,f,parsebib,queue,s,string-inflection
clang-format	20250223.1620	https://github.com/emacsmirror/clang-format	a099177b5cd5060597d454e4c1ffdc96b92ba985	https://github.com/emacsmirror/clang-format	a099177b5cd5060597d454e4c1ffdc96b92ba985		melpa-recipe	-
clean-aindent-mode	20171017.2043	https://github.com/pmarinov/clean-aindent-mode	a97bcae8f43a9ff64e95473e4ef0d8bafe829211	https://github.com/pmarinov/clean-aindent-mode	a97bcae8f43a9ff64e95473e4ef0d8bafe829211	https://github.com/emacsmirror/clean-aindent-mode	melpa-recipe	-
clj-refactor	20260716.1545	https://github.com/clojure-emacs/clj-refactor.el	2805bd5f505fdb199a8c5a25fca398ec9c161e5b	https://github.com/clojure-emacs/clj-refactor.el	2805bd5f505fdb199a8c5a25fca398ec9c161e5b	https://github.com/emacsmirror/clj-refactor	melpa-recipe	cider,clojure-mode,paredit,parseedn,spinner,transient,yasnippet
clojure-mode	20260709.952	https://github.com/clojure-emacs/clojure-mode	38c72d3284367459a8b116deb660c3163f6653ea	https://github.com/clojure-emacs/clojure-mode	38c72d3284367459a8b116deb660c3163f6653ea	https://github.com/emacsmirror/clojure-mode	melpa-recipe	-
closql	20260601.1540	https://github.com/emacscollective/closql	d382e7427f5d375ffc872851b049e9f9c4a43dfc	https://github.com/emacscollective/closql	d382e7427f5d375ffc872851b049e9f9c4a43dfc	https://github.com/emacsmirror/closql	melpa-recipe	compat,cond-let,emacsql,llama
cmake-mode	20260731.1301	https://gitlab.kitware.com/cmake/cmake.git	c162d6852d09a82cf87ff0cda6a23abc775dfdb6	https://gitlab.kitware.com/cmake/cmake.git	c162d6852d09a82cf87ff0cda6a23abc775dfdb6		melpa-recipe	-
coffee-mode	20200315.1133	https://github.com/defunkt/coffee-mode	35a41c7d8233eac0b267d9593e67fb8b6235e134	https://github.com/defunkt/coffee-mode	35a41c7d8233eac0b267d9593e67fb8b6235e134	https://github.com/emacsmirror/coffee-mode	melpa-recipe	-
color-theme	20190220.1115	https://github.com/emacsattic/color-theme	3a2f6b615f5e2401e30d93a3e0adc210bbb4b7aa	https://github.com/emacsattic/color-theme	3a2f6b615f5e2401e30d93a3e0adc210bbb4b7aa		melpa-recipe	-
color-theme-sanityinc-solarized	20241126.1028	https://github.com/purcell/color-theme-sanityinc-solarized	f42431850e0ff0cff90c6cc39edc222faa40323d	https://github.com/purcell/color-theme-sanityinc-solarized	f42431850e0ff0cff90c6cc39edc222faa40323d		melpa-recipe	-
color-theme-sanityinc-tomorrow	20260710.1606	https://github.com/purcell/color-theme-sanityinc-tomorrow	d32469ec6529e3a7f84b45277f233497b74f5bab	https://github.com/purcell/color-theme-sanityinc-tomorrow	d32469ec6529e3a7f84b45277f233497b74f5bab	https://github.com/emacsmirror/color-theme-sanityinc-tomorrow	melpa-recipe	-
column-enforce-mode	20200605.1933	https://github.com/jordonbiondo/column-enforce-mode	14a7622f2268890e33536ccd29510024d51ee96f	https://github.com/jordonbiondo/column-enforce-mode	14a7622f2268890e33536ccd29510024d51ee96f	https://github.com/emacsmirror/column-enforce-mode	melpa-recipe	-
command-log-mode	20160413.447	https://github.com/lewang/command-log-mode	af600e6b4129c8115f464af576505ea8e789db27	https://github.com/lewang/command-log-mode	af600e6b4129c8115f464af576505ea8e789db27	https://github.com/emacsmirror/command-log-mode	melpa-recipe	-
commander	20140120.1852	https://github.com/rejeep/commander.el	2c8a57b9c619e29ccbe2d5a85921b9c689e95bf9	https://github.com/rejeep/commander.el	2c8a57b9c619e29ccbe2d5a85921b9c689e95bf9	https://github.com/emacsmirror/commander	melpa-recipe	dash,f,s
company	20260721.100	https://github.com/company-mode/company-mode	1cc907ac9e46ae4209eb5a341131787e0c678406	https://github.com/company-mode/company-mode	1cc907ac9e46ae4209eb5a341131787e0c678406	https://github.com/emacsmirror/company	melpa-recipe	posframe
company-anaconda	20230821.2126	https://github.com/pythonic-emacs/company-anaconda	14867265e474f7a919120bbac74870c3256cbacf	https://github.com/pythonic-emacs/company-anaconda	14867265e474f7a919120bbac74870c3256cbacf	https://github.com/emacsmirror/company-anaconda	melpa-recipe	anaconda-mode,company,dash,s
company-auctex	20200529.1835	https://github.com/alexeyr/company-auctex/	9400a2ec7459dde8cbf1a5d50dfee4e300ed7e18	https://github.com/alexeyr/company-auctex/	9400a2ec7459dde8cbf1a5d50dfee4e300ed7e18	https://github.com/emacsmirror/company-auctex	melpa-recipe	auctex,company,yasnippet
company-c-headers	20260511.1117	https://github.com/randomphrase/company-c-headers	986cef8c7aae821ae65b193ea15e7f4a7097821c	https://github.com/randomphrase/company-c-headers	986cef8c7aae821ae65b193ea15e7f4a7097821c	https://github.com/emacsmirror/company-c-headers	melpa-recipe	company
company-go	20170825.1643	https://github.com/emacsattic/company-go	31948b463f2fc18f8801e5a8fe511fef300eb3dd	https://github.com/emacsattic/company-go	31948b463f2fc18f8801e5a8fe511fef300eb3dd		melpa-recipe	company,go-mode
company-quickhelp	20231026.1714	https://github.com/expez/company-quickhelp	5bda859577582cc42d16fc0eaf5f7c8bedfd9e69	https://github.com/expez/company-quickhelp	5bda859577582cc42d16fc0eaf5f7c8bedfd9e69	https://github.com/emacsmirror/company-quickhelp	melpa-recipe	company,pos-tip
company-statistics	20250805.1524	https://github.com/company-mode/company-statistics	120e982f47e01945c044e0762ba376741c41b76c	https://github.com/company-mode/company-statistics	120e982f47e01945c044e0762ba376741c41b76c	https://github.com/emacsmirror/company-statistics	melpa-recipe	company
company-web	20220115.2146	https://github.com/osv/company-web	e0c6bfa3ae7006c73d0fdfc0fdb69816309baf1b	https://github.com/osv/company-web	e0c6bfa3ae7006c73d0fdfc0fdb69816309baf1b	https://github.com/emacsmirror/company-web	melpa-recipe	company,dash,web-completion-data
compat	31.0.0.2	https://github.com/emacs-compat/compat	df03e91f1fc47503ca71e11dd507ed18ca8b5ab0	https://github.com/emacs-compat/compat	df03e91f1fc47503ca71e11dd507ed18ca8b5ab0	https://github.com/emacsmirror/compat	source-default	-
concurrent	20170601.435	https://github.com/kiwanami/emacs-deferred	d012a1ab50edcc2c44e3e49006f054dbff47cb6c	https://github.com/kiwanami/emacs-deferred	d012a1ab50edcc2c44e3e49006f054dbff47cb6c		melpa-recipe	deferred
cond-let	20260701.1237	https://github.com/tarsius/cond-let	c48600dfab6372670225f046cace263700c78eab	https://github.com/tarsius/cond-let	c48600dfab6372670225f046cace263700c78eab	https://github.com/emacsmirror/cond-let	melpa-recipe	-
consult	20260716.1105	https://github.com/minad/consult	8c6787edc690097ccfcf2255fecf623a8ab29c7e	https://github.com/minad/consult	8c6787edc690097ccfcf2255fecf623a8ab29c7e	https://github.com/emacsmirror/consult	melpa-recipe	-
corfu	20260802.2028	https://github.com/minad/corfu	4b440fb30ff2fff4291af676b59da7ab22130a45	https://github.com/minad/corfu	4b440fb30ff2fff4291af676b59da7ab22130a45	https://github.com/emacsmirror/corfu	melpa-recipe	compat
counsel	20260214.1004	https://github.com/abo-abo/swiper	ee79f68215ae7e2b8a38ba6bf7f82b3fe57dc16c	https://github.com/abo-abo/swiper	ee79f68215ae7e2b8a38ba6bf7f82b3fe57dc16c	https://github.com/emacsmirror/counsel	melpa-recipe	ivy,swiper
counsel-projectile	20211004.2003	https://github.com/ericdanan/counsel-projectile	e30150792a96968f55f34638cbfe63eaa30839cc	https://github.com/ericdanan/counsel-projectile	e30150792a96968f55f34638cbfe63eaa30839cc	https://github.com/emacsmirror/counsel-projectile	melpa-recipe	counsel,projectile
csharp-mode	20221126.2005	https://github.com/emacs-csharp/csharp-mode	d8b058c9e9d0429ea7e81d121ce19b064bd7e0f5	https://github.com/emacs-csharp/csharp-mode	d8b058c9e9d0429ea7e81d121ce19b064bd7e0f5		melpa-recipe	-
csv-mode	1.27	https://git.savannah.gnu.org/git/emacs/elpa.git	a16e9d8b0952de1badf6da8e652b178a7f6c4498	https://git.savannah.gnu.org/git/emacs/elpa.git	a16e9d8b0952de1badf6da8e652b178a7f6c4498		source-default	-
ctable	20210128.629	https://github.com/kiwanami/emacs-ctable	48b73742757a3ae5736d825fe49e00034cc453b5	https://github.com/kiwanami/emacs-ctable	48b73742757a3ae5736d825fe49e00034cc453b5	https://github.com/emacsmirror/ctable	melpa-recipe	-
cyberpunk-theme	20240112.1944	https://github.com/n3mo/cyberpunk-theme.el	1fd5350ddfc53c30e6eef82af77c62d7c825df3c	https://github.com/n3mo/cyberpunk-theme.el	1fd5350ddfc53c30e6eef82af77c62d7c825df3c	https://github.com/emacsmirror/cyberpunk-theme	melpa-recipe	-
cython-mode	20221130.1257	https://github.com/cython/emacs-cython-mode	3e4790559d3168fe992cf2aa62f01423038cedb5	https://github.com/cython/emacs-cython-mode	3e4790559d3168fe992cf2aa62f01423038cedb5	https://github.com/emacsmirror/cython-mode	melpa-recipe	-
dap-mode	20260616.1526	https://github.com/emacs-lsp/dap-mode	c73a587d613788003986a11ffe393b46affe8322	https://github.com/emacs-lsp/dap-mode	c73a587d613788003986a11ffe393b46affe8322	https://github.com/emacsmirror/dap-mode	melpa-recipe	bui,dash,f,ht,lsp-docker,lsp-mode,lsp-treemacs,posframe,s
darktooth-theme	20251019.304	https://github.com/emacsfodder/emacs-theme-darktooth	998639b2ce629dbdc0901ed560371f82de7af490	https://github.com/emacsfodder/emacs-theme-darktooth	998639b2ce629dbdc0901ed560371f82de7af490	https://github.com/emacsmirror/emacs-theme-darktooth	melpa-recipe	autothemer
dart-mode	20260529.1840	https://github.com/emacsorphanage/dart-mode	793d7bcc18a2636ebafe06450356c08ea6d638ca	https://github.com/emacsorphanage/dart-mode	793d7bcc18a2636ebafe06450356c08ea6d638ca	https://github.com/emacsmirror/dart-mode	melpa-recipe	-
dash	20260221.1346	https://github.com/magnars/dash.el	d3a84021dbe48dba63b52ef7665651e0cf02e915	https://github.com/magnars/dash.el	d3a84021dbe48dba63b52ef7665651e0cf02e915	https://github.com/emacsmirror/dash	melpa-recipe	-
dash-functional	20250312.1307	https://github.com/magnars/dash.el	fcb5d831fc08a43f984242c7509870f30983c27c	https://github.com/magnars/dash.el	fcb5d831fc08a43f984242c7509870f30983c27c	https://github.com/emacsmirror/dash	melpa-recipe	dash
dashboard	20260402.436	https://github.com/emacs-dashboard/dashboard	176d641a55543bda1f0c7506fb954702350c1857	https://github.com/emacs-dashboard/dashboard	176d641a55543bda1f0c7506fb954702350c1857	https://github.com/emacsmirror/dashboard	melpa-recipe	-
datetime-format	20240105.1901	https://github.com/emacs-php/emacs-datetime	c4ee8ef11bc95c78c390497f1d1397ca57a96f97	https://github.com/emacs-php/emacs-datetime	c4ee8ef11bc95c78c390497f1d1397ca57a96f97	https://github.com/emacsmirror/datetime-format	melpa-recipe	-
ddskk	20260329.1317	https://github.com/skk-dev/ddskk	e8bf68b27021c29781dbfa6a8ef7b770565bdb5b	https://github.com/skk-dev/ddskk	e8bf68b27021c29781dbfa6a8ef7b770565bdb5b	https://github.com/emacsmirror/ddskk	melpa-recipe	ccc,cdb
default-text-scale	20191226.2234	https://github.com/purcell/default-text-scale	bfc0987c37e93742255d3b23d86c17096fda8e7e	https://github.com/purcell/default-text-scale	bfc0987c37e93742255d3b23d86c17096fda8e7e	https://github.com/emacsmirror/default-text-scale	melpa-recipe	-
deferred	20170901.1330	https://github.com/kiwanami/emacs-deferred	2239671d94b38d92e9b28d4e12fd79814cfb9c16	https://github.com/kiwanami/emacs-deferred	2239671d94b38d92e9b28d4e12fd79814cfb9c16	https://github.com/emacsmirror/deferred	melpa-recipe	-
define-word	20220104.1848	https://github.com/abo-abo/define-word	31a8c67405afa99d0e25e7c86a4ee7ef84a808fe	https://github.com/abo-abo/define-word	31a8c67405afa99d0e25e7c86a4ee7ef84a808fe	https://github.com/emacsmirror/define-word	melpa-recipe	-
devdocs	20251022.1255	https://github.com/astoff/devdocs.el	25c746024ddf73570195bf42b841f761a2fee10c	https://github.com/astoff/devdocs.el	25c746024ddf73570195bf42b841f761a2fee10c	https://github.com/emacsmirror/devdocs	melpa-recipe	compat
diff-hl	20260723.238	https://github.com/dgutov/diff-hl	91fcd4fa42fef895a754e80c4435ae6314be7822	https://github.com/dgutov/diff-hl	91fcd4fa42fef895a754e80c4435ae6314be7822	https://github.com/emacsmirror/diff-hl	melpa-recipe	-
diminish	20220909.847	https://github.com/myrjola/diminish.el	fbd5d846611bad828e336b25d2e131d1bc06b83d	https://github.com/myrjola/diminish.el	fbd5d846611bad828e336b25d2e131d1bc06b83d	https://github.com/emacsmirror/diminish	melpa-recipe	-
dired-hacks-utils	20240629.1906	https://github.com/Fuco1/dired-hacks	63b04d17936c98cb4ad7ce6bc3331cda8e30c55a	https://github.com/Fuco1/dired-hacks	63b04d17936c98cb4ad7ce6bc3331cda8e30c55a	https://github.com/emacsmirror/dired-hacks	melpa-recipe	dash
dired-quick-sort	20260331.2219	https://gitlab.com/xuhdev/dired-quick-sort	3c9b41799b0424eb78f54caba56e4de1d7224e8b	https://gitlab.com/xuhdev/dired-quick-sort	3c9b41799b0424eb78f54caba56e4de1d7224e8b		melpa-recipe	-
diredfl	20241201.1141	https://github.com/purcell/diredfl	fe72d2e42ee18bf6228bba9d7086de4098f18a70	https://github.com/purcell/diredfl	fe72d2e42ee18bf6228bba9d7086de4098f18a70	https://github.com/emacsmirror/diredfl	melpa-recipe	-
disable-mouse	20240604.900	https://github.com/purcell/disable-mouse	93a55a6453f34049375f97d3cf817b4e6db46f25	https://github.com/purcell/disable-mouse	93a55a6453f34049375f97d3cf817b4e6db46f25	https://github.com/emacsmirror/disable-mouse	melpa-recipe	-
disaster	20250828.2224	https://github.com/jart/disaster	0299c129d4153e3a794358159737c3ff9d155654	https://github.com/jart/disaster	0299c129d4153e3a794358159737c3ff9d155654	https://github.com/emacsmirror/disaster	melpa-recipe	-
distel-completion-lib	20180827.1344	https://github.com/sebastiw/distel-completion	acc4c0a5521904203d797fe96b08e5fae4233c7e	https://github.com/sebastiw/distel-completion	acc4c0a5521904203d797fe96b08e5fae4233c7e	https://github.com/emacsmirror/distel-completion-lib	melpa-recipe	-
docker	20260803.930	https://github.com/Silex/docker.el	8a51aee19a7931bc16aa63cf076b109cdd6a1c62	https://github.com/Silex/docker.el	8a51aee19a7931bc16aa63cf076b109cdd6a1c62	https://github.com/emacsmirror/docker	melpa-recipe	aio,dash,s,tablist,transient
docker-tramp	20230809.511	https://github.com/emacs-pe/docker-tramp.el	19d0771db4e6b89e19c00af5806438e315779c15	https://github.com/emacs-pe/docker-tramp.el	19d0771db4e6b89e19c00af5806438e315779c15	https://github.com/emacsmirror/docker-tramp	melpa-recipe	-
dockerfile-mode	20251221.1644	https://github.com/spotify/dockerfile-mode	97733ce074b1252c1270fd5e8a53d178b66668ed	https://github.com/spotify/dockerfile-mode	97733ce074b1252c1270fd5e8a53d178b66668ed	https://github.com/emacsmirror/dockerfile-mode	melpa-recipe	-
doom-modeline	20260708.823	https://github.com/seagle0128/doom-modeline	017854c6484dd6a38e4b039dad04ce6dbec02f08	https://github.com/seagle0128/doom-modeline	017854c6484dd6a38e4b039dad04ce6dbec02f08	https://github.com/emacsmirror/doom-modeline	melpa-recipe	compat,nerd-icons,shrink-path
doom-themes	20260117.2323	https://github.com/doomemacs/themes	53645a905dfb3055db52f5d418d5ef612027e062	https://github.com/doomemacs/themes	53645a905dfb3055db52f5d418d5ef612027e062	https://github.com/emacsmirror/doom-themes	melpa-recipe	-
dotenv-mode	20191027.2129	https://github.com/preetpalS/emacs-dotenv-mode	e3701bf739bde44f6484eb7753deadaf691b73fb	https://github.com/preetpalS/emacs-dotenv-mode	e3701bf739bde44f6484eb7753deadaf691b73fb	https://github.com/emacsmirror/emacs-dotenv-mode	melpa-recipe	-
dracula-theme	20260719.2250	https://github.com/dracula/emacs	df2be56b03fcbbafcc211013ff93ba50e34a4397	https://github.com/dracula/emacs	df2be56b03fcbbafcc211013ff93ba50e34a4397		melpa-recipe	-
drag-stuff	20161108.749	https://github.com/rejeep/drag-stuff.el	d49fe376d24f0f8ac5ade67b6d7fccc2487c81db	https://github.com/rejeep/drag-stuff.el	d49fe376d24f0f8ac5ade67b6d7fccc2487c81db	https://github.com/emacsmirror/drag-stuff	melpa-recipe	-
dumb-jump	20260603.1700	https://github.com/jacktasia/dumb-jump	cf06b4ccdce6a39346c32f05139f9ee8b77ee229	https://github.com/jacktasia/dumb-jump	cf06b4ccdce6a39346c32f05139f9ee8b77ee229	https://github.com/emacsmirror/dumb-jump	melpa-recipe	-
easy-kill	20260121.752	https://github.com/leoliu/easy-kill	98cbae5d8c378ad14d612d7c88a78484c49a80b8	https://github.com/leoliu/easy-kill	98cbae5d8c378ad14d612d7c88a78484c49a80b8	https://github.com/emacsmirror/easy-kill	melpa-recipe	-
ecukes	20241226.1759	https://github.com/ecukes/ecukes	70cb0748b222b7c96ab9821ef898ffbdb45eacd8	https://github.com/ecukes/ecukes	70cb0748b222b7c96ab9821ef898ffbdb45eacd8	https://github.com/emacsmirror/ecukes	melpa-recipe	ansi,commander,dash,espuds,f,s
editorconfig	20260118.718	https://github.com/editorconfig/editorconfig-emacs	1e9931d5f38a8d8cb8a92cf726d64696550bfc95	https://github.com/editorconfig/editorconfig-emacs	1e9931d5f38a8d8cb8a92cf726d64696550bfc95	https://github.com/emacsmirror/editorconfig	melpa-recipe	-
ein	20251212.1623	https://github.com/dickmao/emacs-ipython-notebook	8fa836fcd1c22f45d36249b09590b32a890f2b9e	https://github.com/dickmao/emacs-ipython-notebook	8fa836fcd1c22f45d36249b09590b32a890f2b9e	https://github.com/emacsmirror/ein	melpa-recipe	anaphora,dash,deferred,polymode,request,websocket,with-editor
el-mock	20220625.1949	https://github.com/rejeep/el-mock.el	6cfbc9de8f1927295dca6864907fe4156bd71910	https://github.com/rejeep/el-mock.el	6cfbc9de8f1927295dca6864907fe4156bd71910	https://github.com/emacsmirror/el-mock	melpa-recipe	-
elfeed	20260805.1030	https://github.com/skeeto/elfeed	2970e5d1aa2a6f5c4cb607e0b835b91a6bffec4f	https://github.com/skeeto/elfeed	2970e5d1aa2a6f5c4cb607e0b835b91a6bffec4f		melpa-recipe	compat
elisp-def	20250818.2223	https://github.com/Wilfred/elisp-def	61a5f64498c9c8de8e9aab84a22775162f336144	https://github.com/Wilfred/elisp-def	61a5f64498c9c8de8e9aab84a22775162f336144	https://github.com/emacsmirror/elisp-def	melpa-recipe	dash,f,s
elisp-refs	20230920.201	https://github.com/Wilfred/elisp-refs	541a064c3ce27867872cf708354a65d83baf2a6d	https://github.com/Wilfred/elisp-refs	541a064c3ce27867872cf708354a65d83baf2a6d	https://github.com/emacsmirror/elisp-refs	melpa-recipe	dash,s
elisp-slime-nav	20210510.528	https://github.com/purcell/elisp-slime-nav	8588d80d414aee1fafce5b9da0e913612ee0bcdd	https://github.com/purcell/elisp-slime-nav	8588d80d414aee1fafce5b9da0e913612ee0bcdd	https://github.com/emacsmirror/elisp-slime-nav	melpa-recipe	-
elixir-mode	20230626.1738	https://github.com/elixir-editors/emacs-elixir	00d6580a040a750e019218f9392cf9a4c2dac23a	https://github.com/elixir-editors/emacs-elixir	00d6580a040a750e019218f9392cf9a4c2dac23a	https://github.com/emacsmirror/elixir-mode	melpa-recipe	-
elm-mode	20250401.915	https://github.com/jcollard/elm-mode	90b72cd2c9bc4506f531bcdcd73fa2530d9f4f7c	https://github.com/jcollard/elm-mode	90b72cd2c9bc4506f531bcdcd73fa2530d9f4f7c	https://github.com/emacsmirror/elm-mode	melpa-recipe	f,reformatter,s
elpy	20260715.1747	https://github.com/jorgenschaefer/elpy	9cdf26dfea1cb044b3cf1dfa9755b6479bfd9a1c	https://github.com/jorgenschaefer/elpy	9cdf26dfea1cb044b3cf1dfa9755b6479bfd9a1c	https://github.com/emacsmirror/elpy	melpa-recipe	company,highlight-indentation,pyvenv,s,yasnippet
emacsql	20260601.1722	https://github.com/magit/emacsql	d811bbefcb5e27841af55cae53aa939ba720de77	https://github.com/magit/emacsql	d811bbefcb5e27841af55cae53aa939ba720de77	https://github.com/emacsmirror/emacsql	melpa-recipe	-
emacsql-sqlite	20240825.1837	https://github.com/magit/emacsql	b9f19ac5e17a90d5b7314d67e3b790992be7d82d	https://github.com/magit/emacsql	b9f19ac5e17a90d5b7314d67e3b790992be7d82d	https://github.com/emacsmirror/emacsql	source-glob:emacsql-sqlite.el	-
embark	20260609.2102	https://github.com/oantolin/embark	350ca86924c5027e80875943fba7b912a71e5791	https://github.com/oantolin/embark	350ca86924c5027e80875943fba7b912a71e5791		melpa-recipe	compat
embark-consult	20260503.118	https://github.com/oantolin/embark	ec5dd1475595277ef908567d0a18d32f1c40bc91	https://github.com/oantolin/embark	ec5dd1475595277ef908567d0a18d32f1c40bc91	https://github.com/emacsmirror/embark	melpa-recipe	compat,consult,embark
emmet-mode	20240617.45	https://github.com/smihica/emmet-mode	322d3bb112fced57d63b44863357f7a0b7eee1e3	https://github.com/smihica/emmet-mode	322d3bb112fced57d63b44863357f7a0b7eee1e3	https://github.com/emacsmirror/emmet-mode	melpa-recipe	-
emr	20220108.548	https://github.com/Wilfred/emacs-refactor	cac1b52932926f56d7f6d2923732d20bbd20670d	https://github.com/Wilfred/emacs-refactor	cac1b52932926f56d7f6d2923732d20bbd20670d	https://github.com/emacsmirror/emr	melpa-recipe	clang-format,dash,iedit,list-utils,paredit,popup,projectile,s
epc	20140610.534	https://github.com/kiwanami/emacs-epc	94cd36a3bec752263ac9b1b3a9dd2def329d2af7	https://github.com/kiwanami/emacs-epc	94cd36a3bec752263ac9b1b3a9dd2def329d2af7		melpa-recipe	concurrent,ctable
epl	20180205.2049	https://github.com/cask/epl	78ab7a85c08222cd15582a298a364774e3282ce6	https://github.com/cask/epl	78ab7a85c08222cd15582a298a364774e3282ce6	https://github.com/emacsmirror/epl	melpa-recipe	-
erlang	20260724.1508	https://github.com/erlang/otp	1259612946cb36a8bf9614b289090bb32fbcbeb2	https://github.com/erlang/otp	1259612946cb36a8bf9614b289090bb32fbcbeb2	https://github.com/emacsmirror/erlang	melpa-recipe	-
ert-runner	20231110.1358	https://github.com/rejeep/ert-runner.el	98a5a6f683663f9f0357459d75ce1dc36c987e4a	https://github.com/rejeep/ert-runner.el	98a5a6f683663f9f0357459d75ce1dc36c987e4a	https://github.com/emacsmirror/ert-runner	melpa-recipe	ansi,commander,dash,f,s,shut-up
es-lib	20141111.1830	https://github.com/sabof/es-lib	753b27363e39c10edc9e4e452bdbbbe4d190df4a	https://github.com/sabof/es-lib	753b27363e39c10edc9e4e452bdbbbe4d190df4a	https://github.com/emacsmirror/es-lib	melpa-recipe	-
esh-help	20190905.22	https://github.com/tom-tan/esh-help	417673ed18a983930a66a6692dbfb288a995cb80	https://github.com/tom-tan/esh-help	417673ed18a983930a66a6692dbfb288a995cb80	https://github.com/emacsmirror/esh-help	melpa-recipe	dash
eshell-prompt-extras	20260402.1141	https://github.com/zwild/eshell-prompt-extras	36504072605a2044cf291d1c2ea987cb898c6394	https://github.com/zwild/eshell-prompt-extras	36504072605a2044cf291d1c2ea987cb898c6394	https://github.com/emacsmirror/eshell-prompt-extras	melpa-recipe	-
eshell-z	20191116.333	https://github.com/xuchunyang/eshell-z	337cb241e17bd472bd3677ff166a0800f684213c	https://github.com/xuchunyang/eshell-z	337cb241e17bd472bd3677ff166a0800f684213c	https://github.com/emacsmirror/eshell-z	melpa-recipe	-
espuds	20230218.910	https://github.com/ecukes/espuds	57c18a48f1a01d8174298eaab4fcf3b2c6549291	https://github.com/ecukes/espuds	57c18a48f1a01d8174298eaab4fcf3b2c6549291	https://github.com/emacsmirror/espuds	melpa-recipe	dash,f,s
ess	20260723.934	https://github.com/emacs-ess/ESS	c3960e09f37550d300437c46ca03fb28975378a1	https://github.com/emacs-ess/ESS	c3960e09f37550d300437c46ca03fb28975378a1	https://github.com/emacsmirror/ess	melpa-recipe	-
esup	20220202.2335	https://github.com/jschaf/esup	4b49c8d599d4cc0fbf994e9e54a9c78e5ab62a5f	https://github.com/jschaf/esup	4b49c8d599d4cc0fbf994e9e54a9c78e5ab62a5f	https://github.com/emacsmirror/esup	melpa-recipe	s
esxml	20260329.1617	https://github.com/tali713/esxml	35940903049f05858d2519c9d8316d00bc228953	https://github.com/tali713/esxml	35940903049f05858d2519c9d8316d00bc228953	https://github.com/emacsmirror/esxml	melpa-recipe	-
eval-sexp-fu	20191128.825	https://github.com/hchbaw/eval-sexp-fu.el	36d2fe3bcf602e15ca10a7f487da103515ef391a	https://github.com/hchbaw/eval-sexp-fu.el	36d2fe3bcf602e15ca10a7f487da103515ef391a	https://github.com/emacsmirror/eval-sexp-fu	melpa-recipe	-
evil	20260603.654	https://github.com/emacs-evil/evil	3b678a221ee99cc6a95b01d7a3129ce5efc4c3da	https://github.com/emacs-evil/evil	3b678a221ee99cc6a95b01d7a3129ce5efc4c3da	https://github.com/emacsmirror/evil	melpa-recipe	goto-chg
evil-anzu	20250316.1617	https://github.com/emacsorphanage/evil-anzu	7309650425797420944075c9c1556c7c1ff960b3	https://github.com/emacsorphanage/evil-anzu	7309650425797420944075c9c1556c7c1ff960b3	https://github.com/emacsmirror/evil-anzu	melpa-recipe	anzu,evil
evil-args	20240210.504	https://github.com/wcsmith/evil-args	a8151556f63c9d45d0c44c8a7ef9e5a542f3cdc7	https://github.com/wcsmith/evil-args	a8151556f63c9d45d0c44c8a7ef9e5a542f3cdc7	https://github.com/emacsmirror/evil-args	melpa-recipe	evil
evil-cleverparens	20250518.1741	https://github.com/emacs-evil/evil-cleverparens	4c413a132934695b975004d429b0b0a6e3d8ca38	https://github.com/emacs-evil/evil-cleverparens	4c413a132934695b975004d429b0b0a6e3d8ca38	https://github.com/emacsmirror/evil-cleverparens	melpa-recipe	dash,evil,paredit,smartparens
evil-collection	20260729.1654	https://github.com/emacs-evil/evil-collection	fa8da0ebba4bbf2a84a78183420d8303179ef427	https://github.com/emacs-evil/evil-collection	fa8da0ebba4bbf2a84a78183420d8303179ef427	https://github.com/emacsmirror/evil-collection	melpa-recipe	evil
evil-easymotion	20260602.2314	https://github.com/PythonNut/evil-easymotion	629c894af63336028a61cc93d6465d10837eb82b	https://github.com/PythonNut/evil-easymotion	629c894af63336028a61cc93d6465d10837eb82b	https://github.com/emacsmirror/evil-easymotion	melpa-recipe	avy,evil
evil-ediff	20170724.1223	https://github.com/emacs-evil/evil-ediff	67b0e69f65c196eff5b39dacb7a9ec05bb919c74	https://github.com/emacs-evil/evil-ediff	67b0e69f65c196eff5b39dacb7a9ec05bb919c74	https://github.com/emacsattic/evil-ediff	source-default	evil
evil-escape	20241212.1318	https://github.com/emacsorphanage/evil-escape	aebd1a78a6bd33e5164e7552096b3fe1172d3012	https://github.com/emacsorphanage/evil-escape	aebd1a78a6bd33e5164e7552096b3fe1172d3012	https://github.com/emacsmirror/evil-escape	melpa-recipe	evil
evil-exchange	20200118.252	https://github.com/Dewdrops/evil-exchange	3030e21ee16a42dfce7f7cf86147b778b3f5d8c1	https://github.com/Dewdrops/evil-exchange	3030e21ee16a42dfce7f7cf86147b778b3f5d8c1	https://github.com/emacsmirror/evil-exchange	melpa-recipe	evil
evil-goggles	20231021.738	https://github.com/edkolev/evil-goggles	34ca276a85f615d2b45e714c9f8b5875bcb676f3	https://github.com/edkolev/evil-goggles	34ca276a85f615d2b45e714c9f8b5875bcb676f3	https://github.com/emacsmirror/evil-goggles	melpa-recipe	evil
evil-iedit-state	20220219.1432	https://github.com/syl20bnr/evil-iedit-state	44c64c71692e5b2f608ad3e3c537ec0a0e0ea0f8	https://github.com/syl20bnr/evil-iedit-state	44c64c71692e5b2f608ad3e3c537ec0a0e0ea0f8	https://github.com/emacsmirror/evil-iedit-state	melpa-recipe	evil,iedit
evil-indent-plus	20230927.1513	https://github.com/TheBB/evil-indent-plus	f392696e4813f1d3a92c7eeed333248914ba6dae	https://github.com/TheBB/evil-indent-plus	f392696e4813f1d3a92c7eeed333248914ba6dae	https://github.com/emacsmirror/evil-indent-plus	melpa-recipe	evil
evil-lion	20241120.1351	https://github.com/edkolev/evil-lion	5a0bca151466960e090d1803c4c5ded88875f90a	https://github.com/edkolev/evil-lion	5a0bca151466960e090d1803c4c5ded88875f90a	https://github.com/emacsmirror/evil-lion	melpa-recipe	evil
evil-lisp-state	20160404.248	https://github.com/syl20bnr/evil-lisp-state	3c65fecd9917a41eaf6460f22187e2323821f3ce	https://github.com/syl20bnr/evil-lisp-state	3c65fecd9917a41eaf6460f22187e2323821f3ce	https://github.com/emacsmirror/evil-lisp-state	melpa-recipe	bind-map,evil,smartparens
evil-magit	20210117.1749	https://github.com/emacs-evil/evil-magit	f2e8dddbb22f6f300f2a8f05fe0444414ce71e04	https://github.com/emacs-evil/evil-magit	f2e8dddbb22f6f300f2a8f05fe0444414ce71e04	https://github.com/emacsattic/evil-magit	source-default	evil,magit
evil-matchit	20260409.936	https://github.com/redguardtoo/evil-matchit	751e74ce2e29c3f32b30e6a1012a33fe81ba0700	https://github.com/redguardtoo/evil-matchit	751e74ce2e29c3f32b30e6a1012a33fe81ba0700	https://github.com/emacsmirror/evil-matchit	melpa-recipe	-
evil-mc	20241025.2045	https://github.com/gabesoft/evil-mc	7e363dd6b0a39751e13eb76f2e9b7b13c7054a43	https://github.com/gabesoft/evil-mc	7e363dd6b0a39751e13eb76f2e9b7b13c7054a43	https://github.com/emacsmirror/evil-mc	melpa-recipe	evil
evil-nerd-commenter	20260507.414	https://github.com/redguardtoo/evil-nerd-commenter	db5ee61a6e75db074b7d20e9dcb68e0b94b4edc7	https://github.com/redguardtoo/evil-nerd-commenter	db5ee61a6e75db074b7d20e9dcb68e0b94b4edc7	https://github.com/emacsmirror/evil-nerd-commenter	melpa-recipe	-
evil-numbers	20260103.850	https://github.com/juliapath/evil-numbers	616aff9e5cee012954756ed2715209fa90308cdf	https://github.com/juliapath/evil-numbers	616aff9e5cee012954756ed2715209fa90308cdf	https://github.com/emacsmirror/evil-numbers	melpa-recipe	evil,shift-number
evil-org	20221001.2335	https://github.com/Somelauw/evil-org-mode	b1f309726b1326e1a103742524ec331789f2bf94	https://github.com/Somelauw/evil-org-mode	b1f309726b1326e1a103742524ec331789f2bf94	https://github.com/emacsmirror/evil-org	melpa-recipe	evil
evil-search-highlight-persist	20170523.334	https://github.com/naclander/evil-search-highlight-persist	6e04a8c075f5fd62526d222447048faab8bfa187	https://github.com/naclander/evil-search-highlight-persist	6e04a8c075f5fd62526d222447048faab8bfa187	https://github.com/emacsmirror/evil-search-highlight-persist	melpa-recipe	evil,highlight
evil-surround	20240325.852	https://github.com/emacs-evil/evil-surround	14dc693ed971053feb9596d4bc1b1de0b0006584	https://github.com/emacs-evil/evil-surround	14dc693ed971053feb9596d4bc1b1de0b0006584	https://github.com/emacsmirror/evil-surround	melpa-recipe	evil
evil-textobj-line	20211101.1429	https://github.com/emacsorphanage/evil-textobj-line	9eaf9a5485c2b5c05e16552b34632ca520cd681d	https://github.com/emacsorphanage/evil-textobj-line	9eaf9a5485c2b5c05e16552b34632ca520cd681d	https://github.com/emacsmirror/evil-textobj-line	melpa-recipe	evil
evil-tutor	20150103.653	https://github.com/syl20bnr/evil-tutor	909273bac88b98a565f1b89bbb13d523b7edce2b	https://github.com/syl20bnr/evil-tutor	909273bac88b98a565f1b89bbb13d523b7edce2b	https://github.com/emacsmirror/evil-tutor	melpa-recipe	evil
evil-visual-mark-mode	20230202.318	https://github.com/roman/evil-visual-mark-mode	2bbaaae56ae53e68a8bcc7bc2cfe830a14843b4d	https://github.com/roman/evil-visual-mark-mode	2bbaaae56ae53e68a8bcc7bc2cfe830a14843b4d	https://github.com/emacsmirror/evil-visual-mark-mode	melpa-recipe	dash,evil
evil-visualstar	20160223.48	https://github.com/bling/evil-visualstar	06c053d8f7381f91c53311b1234872ca96ced752	https://github.com/bling/evil-visualstar	06c053d8f7381f91c53311b1234872ca96ced752	https://github.com/emacsmirror/evil-visualstar	melpa-recipe	evil
exec-path-from-shell	20260423.1833	https://github.com/purcell/exec-path-from-shell	dae820da35ad46234cbca31626ffb6da7928694a	https://github.com/purcell/exec-path-from-shell	dae820da35ad46234cbca31626ffb6da7928694a	https://github.com/emacsmirror/exec-path-from-shell	melpa-recipe	-
expand-region	20241217.1840	https://github.com/magnars/expand-region.el	351279272330cae6cecea941b0033a8dd8bcc4e8	https://github.com/magnars/expand-region.el	351279272330cae6cecea941b0033a8dd8bcc4e8	https://github.com/emacsmirror/expand-region	melpa-recipe	-
eyebrowse	20240407.1342	https://depp.brause.cc/eyebrowse.git	473381f4f9e847eb50a40ef2306c027432789754	https://github.com/wasamasa/eyebrowse	473381f4f9e847eb50a40ef2306c027432789754	https://github.com/emacsmirror/eyebrowse	melpa-recipe	dash
f	20241003.1131	https://github.com/rejeep/f.el	931b6d0667fe03e7bf1c6c282d6d8d7006143c52	https://github.com/rejeep/f.el	931b6d0667fe03e7bf1c6c282d6d8d7006143c52	https://github.com/emacsmirror/f	melpa-recipe	dash,s
fancy-battery	20150101.1204	https://github.com/emacsorphanage/fancy-battery	bcc2d7960ba207b5b4db96fe40f7d72670fdbb68	https://github.com/emacsorphanage/fancy-battery	bcc2d7960ba207b5b4db96fe40f7d72670fdbb68	https://github.com/emacsmirror/fancy-battery	melpa-recipe	-
fill-column-indicator	20200806.2239	https://github.com/alpaker/fill-column-indicator	c35f9de072c241699b57bcb46da84bed5af29cfe	https://github.com/alpaker/fill-column-indicator	c35f9de072c241699b57bcb46da84bed5af29cfe	https://github.com/emacsmirror/fill-column-indicator	melpa-recipe	-
find-file-in-project	20250612.234	https://github.com/redguardtoo/find-file-in-project	6d6e132f5e9ebcbe5b475df939c556794dd1ce64	https://github.com/redguardtoo/find-file-in-project	6d6e132f5e9ebcbe5b475df939c556794dd1ce64	https://github.com/emacsmirror/find-file-in-project	melpa-recipe	-
fish-mode	20240129.1213	https://github.com/wwwjfy/emacs-fish	2526b1803b58cf145bc70ff6ce2adb3f6c246f89	https://github.com/wwwjfy/emacs-fish	2526b1803b58cf145bc70ff6ce2adb3f6c246f89	https://github.com/emacsmirror/fish-mode	melpa-recipe	-
flx	20240205.356	https://github.com/lewang/flx	4b1346eb9a8a76ee9c9dede69738c63ad97ac5b6	https://github.com/lewang/flx	4b1346eb9a8a76ee9c9dede69738c63ad97ac5b6	https://github.com/emacsmirror/flx	melpa-recipe	-
flx-ido	20240205.356	https://github.com/lewang/flx	4b1346eb9a8a76ee9c9dede69738c63ad97ac5b6	https://github.com/lewang/flx	4b1346eb9a8a76ee9c9dede69738c63ad97ac5b6	https://github.com/emacsmirror/flx-ido	melpa-recipe	flx
flycheck	20260728.931	https://github.com/flycheck/flycheck	d1de707f86198a6d85ba811976c992c041e0be20	https://github.com/flycheck/flycheck	d1de707f86198a6d85ba811976c992c041e0be20	https://github.com/emacsmirror/flycheck	melpa-recipe	-
flycheck-dmd-dub	20250304.1432	https://github.com/atilaneves/flycheck-dmd-dub	c1bf54b7eca8951a38ce9f6ae12e07a011f03eb5	https://github.com/atilaneves/flycheck-dmd-dub	c1bf54b7eca8951a38ce9f6ae12e07a011f03eb5	https://github.com/emacsmirror/flycheck-dmd-dub	melpa-recipe	f,flycheck
flycheck-elsa	20230217.1640	https://github.com/emacs-elsa/flycheck-elsa	d60db9544d0c4213f2478bcea0fd0e668e31cf34	https://github.com/emacs-elsa/flycheck-elsa	d60db9544d0c4213f2478bcea0fd0e668e31cf34	https://github.com/emacsmirror/flycheck-elsa	melpa-recipe	flycheck
flycheck-guile	20230405.1154	https://notabug.org/flatwhatson/flycheck-guile	dd7bbdc48fd21cf8d270c913c56cd580f8ec3d03	https://notabug.org/flatwhatson/flycheck-guile	dd7bbdc48fd21cf8d270c913c56cd580f8ec3d03	https://github.com/emacsmirror/flycheck-guile	melpa-recipe	flycheck,geiser
flycheck-package	20210509.2325	https://github.com/purcell/flycheck-package	ecd03f83790611888d693c684d719e033f69cb40	https://github.com/purcell/flycheck-package	ecd03f83790611888d693c684d719e033f69cb40	https://github.com/emacsmirror/flycheck-package	melpa-recipe	flycheck,package-lint
flycheck-pos-tip	20200516.1600	https://github.com/flycheck/flycheck-pos-tip	dc57beac0e59669926ad720c7af38b27c3a30467	https://github.com/flycheck/flycheck-pos-tip	dc57beac0e59669926ad720c7af38b27c3a30467	https://github.com/emacsmirror/flycheck-pos-tip	melpa-recipe	flycheck,pos-tip
flycheck-rust	20251231.1617	https://github.com/flycheck/flycheck-rust	b9db73a7a5980ca884d5dd0cbe79b3291a185972	https://github.com/flycheck/flycheck-rust	b9db73a7a5980ca884d5dd0cbe79b3291a185972	https://github.com/emacsmirror/flycheck-rust	melpa-recipe	dash,flycheck
flyspell-correct	20260106.955	https://github.com/d12frosted/flyspell-correct	a5a41c0f3a7881bd3eba07bee424ecb7c7d5061e	https://github.com/d12frosted/flyspell-correct	a5a41c0f3a7881bd3eba07bee424ecb7c7d5061e	https://github.com/emacsmirror/flyspell-correct	melpa-recipe	-
flyspell-correct-helm	20260106.955	https://github.com/d12frosted/flyspell-correct	a5a41c0f3a7881bd3eba07bee424ecb7c7d5061e	https://github.com/d12frosted/flyspell-correct	a5a41c0f3a7881bd3eba07bee424ecb7c7d5061e	https://github.com/emacsmirror/flyspell-correct	source-glob:flyspell-correct-helm.el	flyspell-correct,helm
forge	20260731.2255	https://github.com/magit/forge	29f45d8f247079a1d8d2247efdacb5b50a3b1e51	https://github.com/magit/forge	29f45d8f247079a1d8d2247efdacb5b50a3b1e51	https://github.com/emacsmirror/forge	melpa-recipe	closql,compat,cond-let,emacsql,ghub,llama,magit,markdown-mode,sqlite3,transient,yaml
format-all	20260620.1824	https://github.com/lassik/emacs-format-all-the-code	0dbe9c70eaf8b92dca1a42552761eaa13c3139cf	https://github.com/lassik/emacs-format-all-the-code	0dbe9c70eaf8b92dca1a42552761eaa13c3139cf	https://github.com/emacsmirror/format-all	melpa-recipe	inheritenv,language-id
fringe-helper	20140620.2109	https://github.com/nschum/fringe-helper.el	9bc3d3e82c9cc3937aa090248dc4dd2e289fc55c	https://github.com/nschum/fringe-helper.el	9bc3d3e82c9cc3937aa090248dc4dd2e289fc55c	https://github.com/emacsmirror/fringe-helper	melpa-recipe	-
fuzzy	20251231.1622	https://github.com/auto-complete/fuzzy-el	3dc04f0a037d53d1174a1f38dce8a4b3498fa947	https://github.com/auto-complete/fuzzy-el	3dc04f0a037d53d1174a1f38dce8a4b3498fa947	https://github.com/emacsmirror/fuzzy	melpa-recipe	-
geiser	20260718.8	https://codeberg.org/geiser/geiser	3e506d06b34ccda8a50ac3e43c90d722c00065fe	https://codeberg.org/geiser/geiser	3e506d06b34ccda8a50ac3e43c90d722c00065fe	https://github.com/emacsmirror/geiser	melpa-recipe	-
general	20250612.2309	https://github.com/noctuid/general.el	a48768f85a655fe77b5f45c2880b420da1b1b9c3	https://github.com/noctuid/general.el	a48768f85a655fe77b5f45c2880b420da1b1b9c3	https://github.com/emacsmirror/general	melpa-recipe	-
ggtags	20230602.133	https://github.com/leoliu/ggtags	4e3630c30fb836872b5d8f2ae3e5d5ae003365d8	https://github.com/leoliu/ggtags	4e3630c30fb836872b5d8f2ae3e5d5ae003365d8	https://github.com/emacsmirror/ggtags	melpa-recipe	-
gh	20260210.1535	https://github.com/sigma/gh.el	b1551245d3404eac6394abaebe1a9e0b2c504235	https://github.com/sigma/gh.el	b1551245d3404eac6394abaebe1a9e0b2c504235	https://github.com/emacsmirror/gh	melpa-recipe	logito,marshal,pcache
gh-md	20220316.1432	https://github.com/emacsorphanage/gh-md	e721fd5e41e682f47f2dd4ce26ef2ba28c7fa0b5	https://github.com/emacsorphanage/gh-md	e721fd5e41e682f47f2dd4ce26ef2ba28c7fa0b5	https://github.com/emacsmirror/gh-md	melpa-recipe	-
ghostel	20260820.1035	https://github.com/dakra/ghostel	02d0e3743dbe1a8c607adcfdc526367d798f4c23	https://github.com/dakra/ghostel	02d0e3743dbe1a8c607adcfdc526367d798f4c23		melpa-recipe	compat
ghub	20260701.1318	https://github.com/magit/ghub	59d0b9b33e780d6cff5131886904ff26033dd2e6	https://github.com/magit/ghub	59d0b9b33e780d6cff5131886904ff26033dd2e6	https://github.com/emacsmirror/ghub	melpa-recipe	compat,cond-let,llama,treepy
gist	20171128.406	https://github.com/defunkt/gist.el	b2712a61d04af98a05cc2556d85479803b6626be	https://github.com/defunkt/gist.el	b2712a61d04af98a05cc2556d85479803b6626be	https://github.com/emacsmirror/gist	melpa-recipe	gh
git	20140128.1041	https://github.com/rejeep/git.el	8b7f1477ef367b5b7de452589dd9a8ab30150d0a	https://github.com/rejeep/git.el	8b7f1477ef367b5b7de452589dd9a8ab30150d0a	https://github.com/emacsmirror/git	melpa-recipe	dash,f,s
git-commit	20180607.906	https://github.com/magit/magit	b8133ab8c9be47139019d97ccace49d807cac17a	https://github.com/magit/magit	b8133ab8c9be47139019d97ccace49d807cac17a	https://github.com/emacsmirror/magit	source-glob:lisp/git-commit.el	dash,with-editor
git-commit-mode	20141106.1722	https://github.com/magit/git-modes	7138eecb882e58466079d79925ccf85e3c24e866	https://github.com/magit/git-modes	7138eecb882e58466079d79925ccf85e3c24e866	https://github.com/emacsmirror/git-modes	source-glob:git-commit-mode.el	dash,with-editor
git-gutter	20241212.1415	https://github.com/emacsorphanage/git-gutter	3bdead17db7b84270c00e5a6b5ad02fa87ddd52e	https://github.com/emacsorphanage/git-gutter	3bdead17db7b84270c00e5a6b5ad02fa87ddd52e	https://github.com/emacsmirror/git-gutter	melpa-recipe	-
git-gutter+	20151204.923	https://github.com/nonsequitur/git-gutter-plus	b7726997806d9a2da9fe84ff00ecf21d62b6f975	https://github.com/nonsequitur/git-gutter-plus	b7726997806d9a2da9fe84ff00ecf21d62b6f975	https://github.com/emacsmirror/git-gutter-plus	source-glob:git-gutter+.el	dash,git-commit
git-gutter-fringe	20211003.2228	https://github.com/emacsorphanage/git-gutter-fringe	648cb5b57faec55711803cdc9434e55a733c3eba	https://github.com/emacsorphanage/git-gutter-fringe	648cb5b57faec55711803cdc9434e55a733c3eba	https://github.com/emacsmirror/git-gutter-fringe	melpa-recipe	fringe-helper,git-gutter
git-link	20260723.2213	https://github.com/sshaw/git-link	ca01d013bd575710e2cd47001ee1ef6ee41667cf	https://github.com/sshaw/git-link	ca01d013bd575710e2cd47001ee1ef6ee41667cf	https://github.com/emacsmirror/git-link	melpa-recipe	-
git-messenger	20201202.1637	https://github.com/emacsorphanage/git-messenger	fb9a049ac3b5fba7369ef1f027b97881f1e377ec	https://github.com/emacsorphanage/git-messenger	fb9a049ac3b5fba7369ef1f027b97881f1e377ec	https://github.com/emacsmirror/git-messenger	melpa-recipe	popup
git-modes	20260601.1550	https://github.com/magit/git-modes	f291a4cc4a8b02a25d5cf93b4ab6af29e6f060d9	https://github.com/magit/git-modes	f291a4cc4a8b02a25d5cf93b4ab6af29e6f060d9	https://github.com/emacsmirror/git-modes	melpa-recipe	compat
git-rebase-mode	20150122.1914	https://github.com/magit/git-modes	acccc25f5207cfa93fe3faf36d315bdc1cecebfc	https://github.com/magit/git-modes	acccc25f5207cfa93fe3faf36d315bdc1cecebfc	https://github.com/emacsmirror/git-modes	source-glob:git-rebase-mode.el	-
git-timemachine	20250128.940	https://codeberg.org/pidu/git-timemachine	d1346a76122595aeeb7ebb292765841c6cfd417b	https://codeberg.org/pidu/git-timemachine	d1346a76122595aeeb7ebb292765841c6cfd417b	https://github.com/emacsmirror/git-timemachine	melpa-recipe	transient
gitignore-templates	20210814.144	https://github.com/xuchunyang/gitignore-templates.el	d28cd1cec00242b688861648d36d086818b06099	https://github.com/xuchunyang/gitignore-templates.el	d28cd1cec00242b688861648d36d086818b06099	https://github.com/emacsmirror/gitignore-templates	melpa-recipe	-
gntp	20141025.250	https://github.com/tekai/gntp.el	767571135e2c0985944017dc59b0be79af222ef5	https://github.com/tekai/gntp.el	767571135e2c0985944017dc59b0be79af222ef5	https://github.com/emacsmirror/gntp	melpa-recipe	-
gnuplot	20260623.1111	https://github.com/emacs-gnuplot/gnuplot	81e3cb30297f0d12df41b865d2a76c8ba179089c	https://github.com/emacs-gnuplot/gnuplot	81e3cb30297f0d12df41b865d2a76c8ba179089c	https://github.com/emacsmirror/gnuplot	melpa-recipe	compat
go-eldoc	20170305.1427	https://github.com/syohex/emacs-go-eldoc	cbbd2ea1e94a36004432a9ac61414cb5a95a39bd	https://github.com/syohex/emacs-go-eldoc	cbbd2ea1e94a36004432a9ac61414cb5a95a39bd	https://github.com/emacsmirror/go-eldoc	melpa-recipe	go-mode
go-mode	20260510.1707	https://github.com/dominikh/go-mode.el	8aaaa9d2574d7862ecbbe1ff369e88fe3796c8be	https://github.com/dominikh/go-mode.el	8aaaa9d2574d7862ecbbe1ff369e88fe3796c8be	https://github.com/emacsmirror/go-mode	melpa-recipe	-
golden-ratio	20230912.1825	https://github.com/roman/golden-ratio.el	375c9f287dfad68829582c1e0a67d0c18119dab9	https://github.com/roman/golden-ratio.el	375c9f287dfad68829582c1e0a67d0c18119dab9	https://github.com/emacsmirror/golden-ratio	melpa-recipe	-
google-translate	20260419.134	https://github.com/atykhonov/google-translate	47c5719b7dd51a37a6ad270489738187a436d920	https://github.com/atykhonov/google-translate	47c5719b7dd51a37a6ad270489738187a436d920	https://github.com/emacsmirror/google-translate	melpa-recipe	popup
goto-chg	20240407.1110	https://github.com/emacs-evil/goto-chg	72f556524b88e9d30dc7fc5b0dc32078c166fda7	https://github.com/emacs-evil/goto-chg	72f556524b88e9d30dc7fc5b0dc32078c166fda7	https://github.com/emacsmirror/goto-chg	melpa-recipe	-
gptel	20260812.1855	https://github.com/karthink/gptel	dc0280821c344ec10547e13179ea2095f6165f05	https://github.com/karthink/gptel	dc0280821c344ec10547e13179ea2095f6165f05	https://github.com/emacsmirror/gptel	melpa-recipe	compat,transient
groovy-mode	20230317.2233	https://github.com/Groovy-Emacs-Modes/groovy-emacs-modes	7b8520b2e2d3ab1d62b35c426e17ac25ed0120bb	https://github.com/Groovy-Emacs-Modes/groovy-emacs-modes	7b8520b2e2d3ab1d62b35c426e17ac25ed0120bb		melpa-recipe	dash,s
gruber-darker-theme	20231026.2031	https://github.com/rexim/gruber-darker-theme	2e9f99c41fe8ef0557e9ea0f3b94ef50c68b5557	https://github.com/rexim/gruber-darker-theme	2e9f99c41fe8ef0557e9ea0f3b94ef50c68b5557	https://github.com/emacsmirror/gruber-darker-theme	melpa-recipe	-
gruvbox-theme	20250117.222	https://github.com/greduan/emacs-theme-gruvbox	6cbf80b6cde3c2390502dc94a911ab7378495249	https://github.com/greduan/emacs-theme-gruvbox	6cbf80b6cde3c2390502dc94a911ab7378495249	https://github.com/emacsmirror/gruvbox-theme	melpa-recipe	autothemer
haml-mode	20250714.1441	https://github.com/nex3/haml-mode	3bb4a96535eb5c81dbe6a43bfa8d67a778d449c0	https://github.com/nex3/haml-mode	3bb4a96535eb5c81dbe6a43bfa8d67a778d449c0	https://github.com/emacsmirror/haml-mode	melpa-recipe	-
haskell-mode	20260206.1050	https://github.com/haskell/haskell-mode	2dd755a5fa11577a9388af88f385d2a8e18f7a8d	https://github.com/haskell/haskell-mode	2dd755a5fa11577a9388af88f385d2a8e18f7a8d	https://github.com/emacsmirror/haskell-mode	melpa-recipe	-
hcl-mode	20240220.1534	https://github.com/purcell/emacs-hcl-mode	b2a03a446c1fe324ff494c28b9321486fa6fc672	https://github.com/purcell/emacs-hcl-mode	b2a03a446c1fe324ff494c28b9321486fa6fc672	https://github.com/emacsmirror/hcl-mode	melpa-recipe	-
helm	20260728.709	https://github.com/emacs-helm/helm	c438a08d1bbc2286e13891e4de812ef1b5190628	https://github.com/emacs-helm/helm	c438a08d1bbc2286e13891e4de812ef1b5190628	https://github.com/emacsmirror/helm	melpa-recipe	helm-core,wfnames
helm-ag	0.64	https://github.com/syohex/emacs-helm-ag	a7b43d9622ea5dcff3e3e0bb0b7dcc342b272171	https://github.com/syohex/emacs-helm-ag	a7b43d9622ea5dcff3e3e0bb0b7dcc342b272171	https://github.com/emacsattic/helm-ag	source-default	helm
helm-c-yasnippet	20230911.444	https://github.com/emacs-jp/helm-c-yasnippet	c6c9a14a65d11de967be593e5bead3196c1f4ecf	https://github.com/emacs-jp/helm-c-yasnippet	c6c9a14a65d11de967be593e5bead3196c1f4ecf	https://github.com/emacsmirror/helm-c-yasnippet	melpa-recipe	helm,yasnippet
helm-company	20231113.701	https://github.com/Sodel-the-Vociferous/helm-company	4622b82353220ee6cc33468f710fa5b6b253b7f1	https://github.com/Sodel-the-Vociferous/helm-company	4622b82353220ee6cc33468f710fa5b6b253b7f1	https://github.com/emacsmirror/helm-company	melpa-recipe	company,helm
helm-core	20260720.1307	https://github.com/emacs-helm/helm	ab09703effe69217b97a2097ff3b8742bb39c6a3	https://github.com/emacs-helm/helm	ab09703effe69217b97a2097ff3b8742bb39c6a3		melpa-recipe	async
helm-css-scss	20230522.1113	https://github.com/emacsorphanage/helm-css-scss	2169d83d8fdc661241df208cb3235112735d936e	https://github.com/emacsorphanage/helm-css-scss	2169d83d8fdc661241df208cb3235112735d936e	https://github.com/emacsmirror/helm-css-scss	melpa-recipe	helm
helm-descbinds	20250705.942	https://github.com/emacs-helm/helm-descbinds	0aff44badad976ebf2666a7e9b6ddf4db53e59e5	https://github.com/emacs-helm/helm-descbinds	0aff44badad976ebf2666a7e9b6ddf4db53e59e5	https://github.com/emacsmirror/helm-descbinds	melpa-recipe	helm
helm-flx	20221020.1739	https://github.com/PythonNut/helm-flx	5220099e695a3586dba2d59640217fe378e66310	https://github.com/PythonNut/helm-flx	5220099e695a3586dba2d59640217fe378e66310	https://github.com/emacsmirror/helm-flx	melpa-recipe	flx,helm
helm-git-grep	20170614.1411	https://github.com/yasuyk/helm-git-grep	744cea07dba6e6a5effbdba83f1b786c78fd86d3	https://github.com/yasuyk/helm-git-grep	744cea07dba6e6a5effbdba83f1b786c78fd86d3	https://github.com/emacsattic/helm-git-grep	source-default	helm,helm-core
helm-gitignore	20230310.1829	https://github.com/jupl/helm-gitignore	85c34065e6fceac8fa7287e6ec79ea3d1182d654	https://github.com/emacsorphanage/helm-gitignore	85c34065e6fceac8fa7287e6ec79ea3d1182d654	https://github.com/emacsmirror/helm-gitignore	melpa-recipe	git-modes,helm,request
helm-gtags	20260204.1753	https://github.com/syohex/emacs-helm-gtags	bfafd3d4a7f028d42f3f46c3273eaed930269ec6	https://github.com/emacsorphanage/helm-gtags	bfafd3d4a7f028d42f3f46c3273eaed930269ec6	https://github.com/emacsmirror/helm-gtags	melpa-recipe	helm
helm-ls-git	20260105.455	https://github.com/emacs-helm/helm-ls-git	dd0ed5847d4bf1b27e767cf194475ada88ee8898	https://github.com/emacs-helm/helm-ls-git	dd0ed5847d4bf1b27e767cf194475ada88ee8898	https://github.com/emacsmirror/helm-ls-git	melpa-recipe	helm
helm-lsp	20260507.1749	https://github.com/emacs-lsp/helm-lsp	056bb16b5f69137218613b7558b477f6b21f22be	https://github.com/emacs-lsp/helm-lsp	056bb16b5f69137218613b7558b477f6b21f22be	https://github.com/emacsmirror/helm-lsp	melpa-recipe	dash,helm,lsp-mode
helm-make	20200620.27	https://github.com/abo-abo/helm-make	ebd71e85046d59b37f6a96535e01993b6962c559	https://github.com/abo-abo/helm-make	ebd71e85046d59b37f6a96535e01993b6962c559	https://github.com/emacsmirror/helm-make	melpa-recipe	-
helm-mode-manager	20210108.2330	https://github.com/emacsattic/helm-mode-manager	7df8ed3ddd46a0402838b748d317c01454346164	https://github.com/istib/helm-mode-manager	7df8ed3ddd46a0402838b748d317c01454346164	https://github.com/emacsmirror/helm-mode-manager	melpa-recipe	helm
helm-org	20250405.1720	https://github.com/emacs-helm/helm-org	4744ca7f8b35e17bafce9cb0093deb87a232699d	https://github.com/emacs-helm/helm-org	4744ca7f8b35e17bafce9cb0093deb87a232699d	https://github.com/emacsmirror/helm-org	melpa-recipe	helm
helm-org-rifle	20230821.1927	https://github.com/alphapapa/org-rifle	03a52265040b8c6510a8269213d750c451779c38	https://github.com/alphapapa/org-rifle	03a52265040b8c6510a8269213d750c451779c38	https://github.com/emacsmirror/helm-org-rifle	melpa-recipe	dash,f,helm,s
helm-projectile	20260724.27	https://github.com/bbatsov/helm-projectile	4dae1d072cc2650749846cfcab1f60686471cc45	https://github.com/bbatsov/helm-projectile	4dae1d072cc2650749846cfcab1f60686471cc45	https://github.com/emacsmirror/helm-projectile	melpa-recipe	helm,projectile
helm-purpose	20170114.1636	https://github.com/bmag/helm-purpose	9ff4c21c1e9ebc7afb851b738f815df7343bb287	https://github.com/bmag/helm-purpose	9ff4c21c1e9ebc7afb851b738f815df7343bb287	https://github.com/emacsmirror/helm-purpose	melpa-recipe	helm,window-purpose
helm-pydoc	20220721.433	https://github.com/emacsorphanage/helm-pydoc	cac7b8953adcab85e898bc42b699c3afde5d33c6	https://github.com/emacsorphanage/helm-pydoc	cac7b8953adcab85e898bc42b699c3afde5d33c6	https://github.com/emacsmirror/helm-pydoc	melpa-recipe	helm-core
helm-swoop	20240104.2356	https://github.com/emacsorphanage/helm-swoop	df90efd4476dec61186d80cace69276a95b834d2	https://github.com/emacsorphanage/helm-swoop	df90efd4476dec61186d80cace69276a95b834d2		source-default	helm
helm-themes	0.5	https://github.com/emacsorphanage/helm-themes	1fc4a5d6114bc6c8c444c5ca73f22abe141a690d	https://github.com/syohex/emacs-helm-themes	1fc4a5d6114bc6c8c444c5ca73f22abe141a690d		source-default	helm-core
helm-xref	20211017.1334	https://github.com/brotzeit/helm-xref	ea0e4ed8a9baf236e4085cbc7178241f109a53fa	https://github.com/brotzeit/helm-xref	ea0e4ed8a9baf236e4085cbc7178241f109a53fa	https://github.com/emacsmirror/helm-xref	melpa-recipe	helm
helpful	20250408.334	https://github.com/Wilfred/helpful	03756fa6ad4dcca5e0920622b1ee3f70abfc4e39	https://github.com/Wilfred/helpful	03756fa6ad4dcca5e0920622b1ee3f70abfc4e39	https://github.com/emacsmirror/helpful	melpa-recipe	dash,elisp-refs,f,s
highlight	20210318.2248	https://github.com/emacsmirror/highlight	28557cb8d99b96eb509aaec1334c7cdda162517f	https://github.com/emacsmirror/highlight	28557cb8d99b96eb509aaec1334c7cdda162517f		melpa-recipe	-
highlight-indentation	20210221.1418	https://github.com/antonj/Highlight-Indentation-for-Emacs	d88db4248882da2d4316e76ed673b4ac1fa99ce3	https://github.com/antonj/Highlight-Indentation-for-Emacs	d88db4248882da2d4316e76ed673b4ac1fa99ce3	https://github.com/emacsmirror/highlight-indentation	melpa-recipe	-
highlight-numbers	20181013.1744	https://github.com/Fanael/highlight-numbers	8b4744c7f46c72b1d3d599d4fb75ef8183dee307	https://github.com/Fanael/highlight-numbers	8b4744c7f46c72b1d3d599d4fb75ef8183dee307	https://github.com/emacsmirror/highlight-numbers	melpa-recipe	parent-mode
highlight-parentheses	20240408.1126	https://git.sr.ht/~tsdh/highlight-parentheses.el	965b18dd69eff4457e17c9e84b3cbfdbfca2ddfb	https://git.sr.ht/~tsdh/highlight-parentheses.el	965b18dd69eff4457e17c9e84b3cbfdbfca2ddfb	https://github.com/emacsmirror/highlight-parentheses	melpa-recipe	-
hl-todo	20260601.1508	https://github.com/tarsius/hl-todo	527d545b8c2f36243194cbe4a8d0e6ac9d50e6a7	https://github.com/tarsius/hl-todo	527d545b8c2f36243194cbe4a8d0e6ac9d50e6a7	https://github.com/emacsmirror/hl-todo	melpa-recipe	cond-let
ht	20230703.558	https://github.com/Wilfred/ht.el	1c49aad1c820c86f7ee35bf9fff8429502f60fef	https://github.com/Wilfred/ht.el	1c49aad1c820c86f7ee35bf9fff8429502f60fef	https://github.com/emacsmirror/ht	melpa-recipe	dash
htmlize	20250724.1703	https://github.com/emacsorphanage/htmlize	c9a8196a59973fabb3763b28069af9a4822a5260	https://github.com/emacsorphanage/htmlize	c9a8196a59973fabb3763b28069af9a4822a5260	https://github.com/emacsmirror/htmlize	melpa-recipe	-
hungry-delete	20210409.1643	https://github.com/nflath/hungry-delete	d919e555e5c13a2edf4570f3ceec84f0ade71657	https://github.com/nflath/hungry-delete	d919e555e5c13a2edf4570f3ceec84f0ade71657	https://github.com/emacsmirror/hungry-delete	melpa-recipe	-
hy-mode	20211016.2011	https://github.com/hylang/hy-mode	df814865a1faa8414dacdbb35b2a9029995312ec	https://github.com/hylang/hy-mode	df814865a1faa8414dacdbb35b2a9029995312ec	https://github.com/emacsmirror/hy-mode	melpa-recipe	dash,s
hydra	20250316.1254	https://github.com/abo-abo/hydra	59a2a45a35027948476d1d7751b0f0215b1e61aa	https://github.com/abo-abo/hydra	59a2a45a35027948476d1d7751b0f0215b1e61aa	https://github.com/emacsmirror/hydra	melpa-recipe	lv
ido-completing-read+	20240130.30	https://github.com/DarwinAwardWinner/ido-completing-read-plus	1609049c0a9b3f674ffff3083adc8f5359746fa9	https://github.com/DarwinAwardWinner/ido-completing-read-plus	1609049c0a9b3f674ffff3083adc8f5359746fa9	https://github.com/emacsmirror/ido-completing-read-plus	melpa-recipe	memoize
ido-vertical-mode	20260420.1855	https://github.com/creichert/ido-vertical-mode.el	58ad6d8b645e6211c7c564a4fbebf39a72691c7e	https://github.com/creichert/ido-vertical-mode.el	58ad6d8b645e6211c7c564a4fbebf39a72691c7e	https://github.com/emacsmirror/ido-vertical-mode	melpa-recipe	-
iedit	20251017.410	https://github.com/victorhge/iedit	7e513d573c6a5dd2a01aeeb1d8587d74630a2f80	https://github.com/victorhge/iedit	7e513d573c6a5dd2a01aeeb1d8587d74630a2f80	https://github.com/emacsmirror/iedit	melpa-recipe	-
imenu-anywhere	20210201.1704	https://github.com/vspinu/imenu-anywhere	06ec33d79e33edf01b9118aead1eabeae8ee08b1	https://github.com/vspinu/imenu-anywhere	06ec33d79e33edf01b9118aead1eabeae8ee08b1	https://github.com/emacsmirror/imenu-anywhere	melpa-recipe	-
imenu-list	20210420.1200	https://github.com/bmag/imenu-list	76f2335ee6f2f066d87fe4e4729219d70c9bc70d	https://github.com/bmag/imenu-list	76f2335ee6f2f066d87fe4e4729219d70c9bc70d	https://github.com/emacsmirror/imenu-list	melpa-recipe	-
impatient-mode	20260426.1323	https://github.com/skeeto/impatient-mode	4bb8009c6c6a6339a8fd7b4dea4a165af3721812	https://github.com/skeeto/impatient-mode	4bb8009c6c6a6339a8fd7b4dea4a165af3721812	https://github.com/emacsmirror/impatient-mode	melpa-recipe	htmlize,simple-httpd
importmagic	20180520.303	https://github.com/anachronic/importmagic.el	e32ee9f6a5eef937b76eba82fdae8bae85d18088	https://github.com/anachronic/importmagic.el	e32ee9f6a5eef937b76eba82fdae8bae85d18088	https://github.com/emacsmirror/importmagic	melpa-recipe	epc,f
indent-guide	20260629.918	https://github.com/zk-phi/indent-guide	1332f95d6f08afee35f62621793e2622b9f86f27	https://github.com/zk-phi/indent-guide	1332f95d6f08afee35f62621793e2622b9f86f27	https://github.com/emacsmirror/indent-guide	melpa-recipe	-
inf-ruby	20251224.216	https://github.com/nonsequitur/inf-ruby	274398a24288a7db430a656b580ffbf889ca02aa	https://github.com/nonsequitur/inf-ruby	274398a24288a7db430a656b580ffbf889ca02aa	https://github.com/emacsmirror/inf-ruby	melpa-recipe	-
inflections	20210110.2237	https://github.com/eschulte/jump.el	55caa66a7cc6e0b1a76143fd40eff38416928941	https://github.com/eschulte/jump.el	55caa66a7cc6e0b1a76143fd40eff38416928941	https://github.com/emacsmirror/inflections	melpa-recipe	-
inheritenv	20241119.1355	https://github.com/purcell/inheritenv	b9e67cc20c069539698a9ac54d0e6cc11e616c6f	https://github.com/purcell/inheritenv	b9e67cc20c069539698a9ac54d0e6cc11e616c6f		melpa-recipe	-
iter2	20250209.1516	https://github.com/doublep/iter2	632232b5ee627bf5d299db0b7714b3b687a0124c	https://github.com/doublep/iter2	632232b5ee627bf5d299db0b7714b3b687a0124c	https://github.com/emacsmirror/iter2	melpa-recipe	-
ivy	20260413.2102	https://github.com/abo-abo/swiper	0d02f5063d36ff4fa6138f0973c83c6d3874fba0	https://github.com/abo-abo/swiper	0d02f5063d36ff4fa6138f0973c83c6d3874fba0	https://github.com/emacsmirror/ivy	melpa-recipe	-
ivy-hydra	20260213.941	https://github.com/abo-abo/swiper	4defb814ce00fbbc2cf2ad626e630a39f4da1456	https://github.com/abo-abo/swiper	4defb814ce00fbbc2cf2ad626e630a39f4da1456	https://github.com/emacsmirror/swiper	melpa-recipe	hydra,ivy
ivy-rich	20230425.1422	https://github.com/Yevgnen/ivy-rich	aff9b6bd53e0fdcf350ab83c90e64e651b47dba4	https://github.com/Yevgnen/ivy-rich	aff9b6bd53e0fdcf350ab83c90e64e651b47dba4	https://github.com/emacsmirror/ivy-rich	melpa-recipe	ivy
jade-mode	20210908.2121	https://github.com/brianc/jade-mode	111460b056838854e470a6383041a99f843b93ee	https://github.com/brianc/jade-mode	111460b056838854e470a6383041a99f843b93ee	https://github.com/emacsmirror/jade-mode	melpa-recipe	-
jedi	20250602.2107	https://github.com/tkf/emacs-jedi	0a92f57dcfd76f1daf6d382d1e2eb437784a71e0	https://github.com/tkf/emacs-jedi	0a92f57dcfd76f1daf6d382d1e2eb437784a71e0	https://github.com/emacsmirror/jedi	melpa-recipe	auto-complete,jedi-core
jedi-core	20250602.2109	https://github.com/tkf/emacs-jedi	94a031d54c55d22aa36ad557f45c972cb3f5833b	https://github.com/tkf/emacs-jedi	94a031d54c55d22aa36ad557f45c972cb3f5833b	https://github.com/emacsmirror/jedi	melpa-recipe	epc,python-environment
js-doc	20160715.434	https://github.com/mooz/js-doc	f0606e89d5aa89146f96edb38cf69af0068a9d1e	https://github.com/mooz/js-doc	f0606e89d5aa89146f96edb38cf69af0068a9d1e	https://github.com/emacsmirror/js-doc	melpa-recipe	-
js2-mode	20260627.1342	https://github.com/mooz/js2-mode	41d0e7f5ef51109c682016baa6fc6846e03e8517	https://github.com/mooz/js2-mode	41d0e7f5ef51109c682016baa6fc6846e03e8517	https://github.com/emacsmirror/js2-mode	melpa-recipe	-
js2-refactor	20250210.1811	https://github.com/js-emacs/js2-refactor.el	e1177c728ae52a5e67157fb18ee1409d8e95386a	https://github.com/js-emacs/js2-refactor.el	e1177c728ae52a5e67157fb18ee1409d8e95386a	https://github.com/emacsmirror/js2-refactor	melpa-recipe	dash,js2-mode,multiple-cursors,s,yasnippet
json-mode	20240427.1245	https://github.com/json-emacs/json-mode	77125b01c0ddce537085201098bea9b4b8ba6be3	https://github.com/json-emacs/json-mode	77125b01c0ddce537085201098bea9b4b8ba6be3	https://github.com/emacsmirror/json-mode	melpa-recipe	json-snatcher
json-navigator	20241031.630	https://github.com/DamienCassou/json-navigator	8ab49b066bc23de731a29ef07bbafa29999e1852	https://github.com/DamienCassou/json-navigator	8ab49b066bc23de731a29ef07bbafa29999e1852	https://github.com/emacsmirror/json-navigator	melpa-recipe	-
json-reformat	20220905.2342	https://github.com/gongo/json-reformat	e9999b1f1fc933c02ff44f4136602b6a45ed59c6	https://github.com/gongo/json-reformat	e9999b1f1fc933c02ff44f4136602b6a45ed59c6	https://github.com/emacsmirror/json-reformat	melpa-recipe	-
json-snatcher	20200916.1717	https://github.com/sterlingg/json-snatcher	b28d1c0670636da6db508d03872d96ffddbc10f2	https://github.com/sterlingg/json-snatcher	b28d1c0670636da6db508d03872d96ffddbc10f2	https://github.com/emacsmirror/json-snatcher	melpa-recipe	-
julia-mode	20260529.1624	https://github.com/JuliaEditorSupport/julia-emacs	1b5a4c2f5b7c3f842785985bf8778b8805cc6766	https://github.com/JuliaEditorSupport/julia-emacs	1b5a4c2f5b7c3f842785985bf8778b8805cc6766		melpa-recipe	-
kaolin-themes	20260619.2211	https://github.com/ogdenwebb/emacs-kaolin-themes	432c6672b16e867ec40eaf312d2fbbeb38673fa9	https://github.com/ogdenwebb/emacs-kaolin-themes	432c6672b16e867ec40eaf312d2fbbeb38673fa9	https://github.com/emacsmirror/emacs-kaolin-themes	melpa-recipe	autothemer
key-chord	20250330.2011	https://github.com/LemonBreezes/key-chord	cb646e815c61f253ad9fdfbe058049dda4e2b32b	https://github.com/LemonBreezes/key-chord	cb646e815c61f253ad9fdfbe058049dda4e2b32b	https://github.com/emacsmirror/key-chord	melpa-recipe	-
keyfreq	20231107.106	https://github.com/dacap/keyfreq	c6955162307f37c2ac631d9daf118781009f8dda	https://github.com/dacap/keyfreq	c6955162307f37c2ac631d9daf118781009f8dda	https://github.com/emacsmirror/keyfreq	melpa-recipe	-
keytar	20251231.1727	https://github.com/emacs-grammarly/keytar	f0485df065bcdc8f446be3e00aa77a43629ec84e	https://github.com/emacs-grammarly/keytar	f0485df065bcdc8f446be3e00aa77a43629ec84e	https://github.com/emacsmirror/keytar	melpa-recipe	-
language-id	20241024.854	https://github.com/lassik/emacs-language-id	dbfbc4903ffb042552b458fac76ee9f67a022036	https://github.com/lassik/emacs-language-id	dbfbc4903ffb042552b458fac76ee9f67a022036	https://github.com/emacsmirror/language-id	melpa-recipe	-
leaf	20260302.652	https://github.com/conao3/leaf.el	b49e68613b8efba89c702141f49ad9b4460a7204	https://github.com/conao3/leaf.el	b49e68613b8efba89c702141f49ad9b4460a7204	https://github.com/emacsmirror/leaf	melpa-recipe	-
ledger-mode	20260727.518	https://github.com/ledger/ledger-mode	b0e71b7e9ee612ccb0b0e5f8bfefcfddb69ae861	https://github.com/ledger/ledger-mode	b0e71b7e9ee612ccb0b0e5f8bfefcfddb69ae861	https://github.com/emacsmirror/ledger-mode	melpa-recipe	-
less-css-mode	20161001.453	https://github.com/purcell/less-css-mode	59bf174c4e9f053ec2a7ef8c8a8198490390f6fb	https://github.com/purcell/less-css-mode	59bf174c4e9f053ec2a7ef8c8a8198490390f6fb		melpa-recipe	-
leuven-theme	20260213.1052	https://github.com/fniessen/emacs-leuven-theme	c3546e6a84c138fd8cdbd33998fefcf834c45018	https://github.com/fniessen/emacs-leuven-theme	c3546e6a84c138fd8cdbd33998fefcf834c45018	https://github.com/emacsmirror/leuven-theme	melpa-recipe	-
link-hint	20250911.57	https://github.com/noctuid/link-hint.el	8fda5dcb9caff5a3c49d22b82e570ac9e29af7dd	https://github.com/noctuid/link-hint.el	8fda5dcb9caff5a3c49d22b82e570ac9e29af7dd	https://github.com/emacsmirror/link-hint	melpa-recipe	avy
linum-relative	20221025.517	https://github.com/coldnew/linum-relative	8fbe89ad897921849665a3e8da18cee7d0721441	https://github.com/coldnew/linum-relative	8fbe89ad897921849665a3e8da18cee7d0721441	https://github.com/emacsmirror/linum-relative	melpa-recipe	-
list-utils	20241106.1849	https://github.com/rolandwalker/list-utils	bbea0e7cc7ab7d96e7f062014bde438aa8ffcd43	https://github.com/rolandwalker/list-utils	bbea0e7cc7ab7d96e7f062014bde438aa8ffcd43	https://github.com/emacsmirror/list-utils	melpa-recipe	-
live-py-mode	20260227.509	https://donkirkby.github.io/live-py-plugin/	7655ee7a7294cd486fd02603d76061c1c773e058	https://github.com/donkirkby/live-py-plugin	7655ee7a7294cd486fd02603d76061c1c773e058	https://github.com/emacsmirror/live-py-mode	melpa-recipe	-
livid-mode	20131116.1344	https://github.com/pandeiro/livid-mode	dfe5212fa64738bc4138bfebf349fbc8bc237c26	https://github.com/pandeiro/livid-mode	dfe5212fa64738bc4138bfebf349fbc8bc237c26	https://github.com/emacsmirror/livid-mode	melpa-recipe	s,skewer-mode
llama	20260601.1455	https://github.com/tarsius/llama	4d4024048053b898a01521046e0f063ee47615b0	https://github.com/tarsius/llama	4d4024048053b898a01521046e0f063ee47615b0	https://github.com/emacsmirror/llama	melpa-recipe	-
load-env-vars	20180511.2210	https://github.com/diasjorge/emacs-load-env-vars	5da97fabb4d36a00a29c40375fce9c16d8005ab3	https://github.com/diasjorge/emacs-load-env-vars	5da97fabb4d36a00a29c40375fce9c16d8005ab3	https://github.com/emacsmirror/load-env-vars	melpa-recipe	-
log4e	20240123.1313	https://github.com/aki2o/log4e	6d71462df9bf595d3861bfb328377346aceed422	https://github.com/aki2o/log4e	6d71462df9bf595d3861bfb328377346aceed422	https://github.com/emacsmirror/log4e	melpa-recipe	-
logito	20201226.534	https://github.com/sigma/logito	d5934ce10ba3a70d3fcfb94d742ce3b9136ce124	https://github.com/sigma/logito	d5934ce10ba3a70d3fcfb94d742ce3b9136ce124	https://github.com/emacsmirror/logito	melpa-recipe	-
lorem-ipsum	20221214.1857	https://github.com/jschaf/emacs-lorem-ipsum	4e87a899868e908a7a9e1812831d76c8d072f885	https://github.com/jschaf/emacs-lorem-ipsum	4e87a899868e908a7a9e1812831d76c8d072f885	https://github.com/emacsmirror/lorem-ipsum	melpa-recipe	-
lsp-docker	20260507.1750	https://github.com/emacs-lsp/lsp-docker	f666fba72b496c7750bb3f349771b07aa51714f0	https://github.com/emacs-lsp/lsp-docker	f666fba72b496c7750bb3f349771b07aa51714f0	https://github.com/emacsmirror/lsp-docker	melpa-recipe	dash,f,ht,lsp-mode,s,yaml
lsp-haskell	20260507.1745	https://github.com/emacs-lsp/lsp-haskell	4c3001aeb116fb489223269ea353359b90e2a5e1	https://github.com/emacs-lsp/lsp-haskell	4c3001aeb116fb489223269ea353359b90e2a5e1	https://github.com/emacsmirror/lsp-haskell	melpa-recipe	lsp-mode
lsp-ivy	20260507.1752	https://github.com/emacs-lsp/lsp-ivy	c0930544948dfdb7bf497fc9e58aa6b4b857e237	https://github.com/emacs-lsp/lsp-ivy	c0930544948dfdb7bf497fc9e58aa6b4b857e237	https://github.com/emacsmirror/lsp-ivy	melpa-recipe	dash,ivy,lsp-mode
lsp-java	20260510.647	https://github.com/emacs-lsp/lsp-java	5294db2ac033a289e4878fa8386629b75cb3ccb6	https://github.com/emacs-lsp/lsp-java	5294db2ac033a289e4878fa8386629b75cb3ccb6	https://github.com/emacsmirror/lsp-java	melpa-recipe	dap-mode,dash,f,ht,lsp-mode,markdown-mode,request,treemacs
lsp-mode	20260716.755	https://github.com/emacs-lsp/lsp-mode	6bfc593d7b1bc0dd656f09ffce52cc085ebced05	https://github.com/emacs-lsp/lsp-mode	6bfc593d7b1bc0dd656f09ffce52cc085ebced05	https://github.com/emacsmirror/lsp-mode	melpa-recipe	dash,f,ht,lv,markdown-mode,spinner
lsp-origami	20260507.1743	https://github.com/emacs-lsp/lsp-origami	dd398afcf8e9077231dc26ea189916e6ea64c6ab	https://github.com/emacs-lsp/lsp-origami	dd398afcf8e9077231dc26ea189916e6ea64c6ab	https://github.com/emacsmirror/lsp-origami	melpa-recipe	lsp-mode,origami
lsp-pyright	20260507.1742	https://github.com/emacs-lsp/lsp-pyright	187e08caee4e1630a9975f492274c739f325392f	https://github.com/emacs-lsp/lsp-pyright	187e08caee4e1630a9975f492274c739f325392f	https://github.com/emacsmirror/lsp-pyright	melpa-recipe	dash,ht,lsp-mode
lsp-python-ms	20230731.1458	https://github.com/emacs-lsp/lsp-python-ms	7bda327bec7b219d140c34dab4b1e1fbd41bc516	https://github.com/emacs-lsp/lsp-python-ms	7bda327bec7b219d140c34dab4b1e1fbd41bc516		melpa-recipe	lsp-mode
lsp-treemacs	20260515.746	https://github.com/emacs-lsp/lsp-treemacs	3519ac907ea391e18d9599375b116aeeb6f8a38a	https://github.com/emacs-lsp/lsp-treemacs	3519ac907ea391e18d9599375b116aeeb6f8a38a	https://github.com/emacsmirror/lsp-treemacs	melpa-recipe	dash,f,ht,lsp-mode,treemacs
lsp-ui	20260512.1516	https://github.com/emacs-lsp/lsp-ui	8d888a3ab1ba9e46bd4711398c57d39d0b709a45	https://github.com/emacs-lsp/lsp-ui	8d888a3ab1ba9e46bd4711398c57d39d0b709a45	https://github.com/emacsmirror/lsp-ui	melpa-recipe	dash,lsp-mode,markdown-mode
lua-mode	20250310.1150	https://github.com/immerrr/lua-mode	2f6b8d7a6317e42c953c5119b0119ddb337e0a5f	https://github.com/immerrr/lua-mode	2f6b8d7a6317e42c953c5119b0119ddb337e0a5f		melpa-recipe	-
lv	20200507.1518	https://github.com/abo-abo/hydra	87873d788891029d9e44fa5458321d6a05849b94	https://github.com/abo-abo/hydra	87873d788891029d9e44fa5458321d6a05849b94		melpa-recipe	-
m-buffer	20241215.2214	https://github.com/phillord/m-buffer-el	5e7714835b2289f61dad24c0b5cf98d28fc313b0	https://github.com/phillord/m-buffer-el	5e7714835b2289f61dad24c0b5cf98d28fc313b0	https://github.com/emacsmirror/m-buffer	melpa-recipe	-
macrostep	20250202.2205	https://github.com/emacsorphanage/macrostep	d0928626b4711dcf9f8f90439d23701118724199	https://github.com/emacsorphanage/macrostep	d0928626b4711dcf9f8f90439d23701118724199	https://github.com/emacsmirror/macrostep	melpa-recipe	-
mag-menu	20150505.1850	https://github.com/chumpage/mag-menu	9b9277021cd09fb1dba64b1d2a00705d20914bd6	https://github.com/chumpage/mag-menu	9b9277021cd09fb1dba64b1d2a00705d20914bd6	https://github.com/emacsmirror/mag-menu	melpa-recipe	splitter
magit	20260724.2338	https://github.com/magit/magit	4453f3d6dccc5be7fb00bf98e18272a4ff532ded	https://github.com/magit/magit	4453f3d6dccc5be7fb00bf98e18272a4ff532ded	https://github.com/emacsmirror/magit	melpa-recipe	cond-let,llama,magit-section,transient,with-editor
magit-gitflow	20170929.824	https://github.com/jtatarik/magit-gitflow	cc41b561ec6eea947fe9a176349fb4f771ed865b	https://github.com/jtatarik/magit-gitflow	cc41b561ec6eea947fe9a176349fb4f771ed865b	https://github.com/emacsmirror/magit-gitflow	melpa-recipe	magit,magit-popup
magit-popup	20200719.1015	https://github.com/emacsattic/magit-popup	d8585fa39f88956963d877b921322530257ba9f5	https://github.com/emacsattic/magit-popup	d8585fa39f88956963d877b921322530257ba9f5		melpa-recipe	dash
magit-section	20260722.2131	https://github.com/magit/magit	cbd85091c932e77ef2fcd86e85c3cb1334083724	https://github.com/magit/magit	cbd85091c932e77ef2fcd86e85c3cb1334083724		melpa-recipe	cond-let,llama
magit-todos	20250928.1611	https://github.com/alphapapa/magit-todos	7294a95580bddf7232f2d205efae312dc24c5f61	https://github.com/alphapapa/magit-todos	7294a95580bddf7232f2d205efae312dc24c5f61	https://github.com/emacsmirror/magit-todos	melpa-recipe	async,dash,f,hl-todo,magit,pcre2el,s,transient
makey	20131231.1430	https://github.com/mickeynp/makey	a61781e69d3b451551e269446e1c5f624ab81137	https://github.com/mickeynp/makey	a61781e69d3b451551e269446e1c5f624ab81137	https://github.com/emacsmirror/makey	melpa-recipe	-
map	3.3.1	https://git.savannah.gnu.org/git/emacs/elpa.git	9da2efb670574b473ab864ae0456b4f1b38e680b	https://github.com/emacs-straight/map	361f23dd3c6ae6788685471b9fb4a70e7a9351b6		source-default	-
marginalia	20260724.810	https://github.com/minad/marginalia	10b170ad8006bad535599e5b3e007e643e34345a	https://github.com/minad/marginalia	10b170ad8006bad535599e5b3e007e643e34345a	https://github.com/emacsmirror/marginalia	melpa-recipe	compat
markdown-mode	20260722.40	https://github.com/jrblevin/markdown-mode	f441e8bc9951e73b12c61e9198658488dd8e86e1	https://github.com/jrblevin/markdown-mode	f441e8bc9951e73b12c61e9198658488dd8e86e1	https://github.com/emacsmirror/markdown-mode	melpa-recipe	-
markdown-toc	20260131.1444	https://github.com/ardumont/markdown-toc	d22633b654193bcab322ec51b6dd3bb98dd5f69f	https://github.com/ardumont/markdown-toc	d22633b654193bcab322ec51b6dd3bb98dd5f69f	https://github.com/emacsmirror/markdown-toc	melpa-recipe	dash,markdown-mode,s
marshal	20201223.1853	https://github.com/sigma/marshal.el	490496d974d03906f784707ecc2e0ac36ed84b96	https://github.com/sigma/marshal.el	490496d974d03906f784707ecc2e0ac36ed84b96	https://github.com/emacsmirror/marshal	melpa-recipe	ht
material-theme	20210904.1426	https://github.com/cpaulik/emacs-material-theme	6823009bc92f82aa3a90e27e1009f7da8e87b648	https://github.com/cpaulik/emacs-material-theme	6823009bc92f82aa3a90e27e1009f7da8e87b648		melpa-recipe	-
math-symbol-lists	20220828.2047	https://github.com/vspinu/math-symbol-lists	ac3eb053d3b576fcdd192b0ac6ad5090ea3a7079	https://github.com/vspinu/math-symbol-lists	ac3eb053d3b576fcdd192b0ac6ad5090ea3a7079	https://github.com/emacsmirror/math-symbol-lists	melpa-recipe	-
maude-mode	20230504.937	https://github.com/rudi/maude-mode	2e1f68a890493d964f933d6e40b0ede047f70ede	https://github.com/rudi/maude-mode	2e1f68a890493d964f933d6e40b0ede047f70ede	https://github.com/emacsmirror/maude-mode	melpa-recipe	-
memoize	20200103.2036	https://github.com/skeeto/emacs-memoize	51b075935ca7070f62fae1d69fe0ff7d8fa56fdd	https://github.com/skeeto/emacs-memoize	51b075935ca7070f62fae1d69fe0ff7d8fa56fdd	https://github.com/emacsmirror/memoize	melpa-recipe	-
mmm-mode	20240222.428	https://github.com/dgutov/mmm-mode	b1f5c7dbdc405e6e10d9ddd99a43a6b2ad61b176	https://github.com/dgutov/mmm-mode	b1f5c7dbdc405e6e10d9ddd99a43a6b2ad61b176	https://github.com/emacsmirror/mmm-mode	melpa-recipe	-
modus-themes	20260730.719	https://github.com/protesilaos/modus-themes	75aa3fa79efd04ddf7980a1d3ec0cef6e4f4af90	https://github.com/protesilaos/modus-themes	75aa3fa79efd04ddf7980a1d3ec0cef6e4f4af90	https://github.com/emacsmirror/modus-themes	melpa-recipe	-
moe-theme	20260811.1919	https://github.com/kuanyui/moe-theme.el	d091865eeb97b0894e6517137dc0544560bc57fb	https://github.com/kuanyui/moe-theme.el	d091865eeb97b0894e6517137dc0544560bc57fb	https://github.com/emacsmirror/moe-theme	melpa-recipe	-
monokai-theme	20240911.1046	https://github.com/oneKelvinSmith/monokai-emacs	dacd9d8a8867afea3ed76b15a6c997053ff88093	https://github.com/oneKelvinSmith/monokai-emacs	dacd9d8a8867afea3ed76b15a6c997053ff88093	https://github.com/emacsmirror/monokai-theme	melpa-recipe	-
move-text	20260508.508	https://github.com/emacsfodder/move-text	142890cfb46d9c374113b4b49021a4202033147b	https://github.com/emacsfodder/move-text	142890cfb46d9c374113b4b49021a4202033147b	https://github.com/emacsmirror/move-text	melpa-recipe	-
mozc	20260624.1355	https://github.com/google/mozc	76887c679e1e4f156102e4bc62ea9cf9174678a3	https://github.com/google/mozc	76887c679e1e4f156102e4bc62ea9cf9174678a3	https://github.com/emacsmirror/mozc	melpa-recipe	-
multi-line	20230721.1814	https://github.com/IvanMalison/multi-line	06ea7294c4e4ace0c3253b7952a6d937a169eb55	https://github.com/IvanMalison/multi-line	06ea7294c4e4ace0c3253b7952a6d937a169eb55	https://github.com/emacsmirror/multi-line	melpa-recipe	dash,s,shut-up
multi-term	20200514.428	https://github.com/manateelazycat/multi-term	017c77c550115936860e2ea71b88e585371475d5	https://github.com/manateelazycat/multi-term	017c77c550115936860e2ea71b88e585371475d5	https://github.com/emacsmirror/multi-term	melpa-recipe	-
multiple-cursors	20260419.931	https://github.com/magnars/multiple-cursors.el	94b8b07a4bab87f803123723b68227565429dfa1	https://github.com/magnars/multiple-cursors.el	94b8b07a4bab87f803123723b68227565429dfa1	https://github.com/emacsmirror/multiple-cursors	melpa-recipe	-
mwim	20260227.705	https://github.com/alezost/mwim.el	e44a7a0a76262d7000b726bfa848cc62e21d7985	https://github.com/alezost/mwim.el	e44a7a0a76262d7000b726bfa848cc62e21d7985	https://github.com/emacsmirror/mwim	melpa-recipe	-
nameless	20230112.1259	https://github.com/Malabarba/Nameless	e468f3eea4518b9827419611868c897dce20453f	https://github.com/Malabarba/Nameless	e468f3eea4518b9827419611868c897dce20453f	https://github.com/emacsmirror/nameless	melpa-recipe	-
names	20221227.1825	https://github.com/Malabarba/names	45a272fae915148d9a74d4cb3c39917b272ee9c3	https://github.com/Malabarba/names	45a272fae915148d9a74d4cb3c39917b272ee9c3	https://github.com/emacsmirror/names	melpa-recipe	-
navi2ch	20200130.36	https://github.com/naota/navi2ch	7811dba052f679bd920a1f648d621a6fecace10f	https://github.com/naota/navi2ch	7811dba052f679bd920a1f648d621a6fecace10f	https://github.com/emacsmirror/navi2ch	melpa-recipe	-
neotree	20250703.2202	https://github.com/jaypei/emacs-neotree	3178805a0942696d1e5162575d9cab43d14b7970	https://github.com/jaypei/emacs-neotree	3178805a0942696d1e5162575d9cab43d14b7970	https://github.com/emacsmirror/neotree	melpa-recipe	-
nerd-icons	20260710.1627	https://github.com/rainstormstudio/nerd-icons.el	674909974637ff0ec2b5ebf43f9a8aefa35d93e9	https://github.com/rainstormstudio/nerd-icons.el	674909974637ff0ec2b5ebf43f9a8aefa35d93e9	https://github.com/emacsmirror/nerd-icons	melpa-recipe	-
nodejs-repl	20240218.2357	https://github.com/abicky/nodejs-repl.el	77a864ca72a6c30217085f1c4db5de72e47eb4da	https://github.com/abicky/nodejs-repl.el	77a864ca72a6c30217085f1c4db5de72e47eb4da	https://github.com/emacsmirror/nodejs-repl	melpa-recipe	-
noflet	20141102.1454	https://github.com/nicferrier/emacs-noflet	7ae84dc3257637af7334101456dafe1759c6b68a	https://github.com/nicferrier/emacs-noflet	7ae84dc3257637af7334101456dafe1759c6b68a	https://github.com/emacsmirror/emacs-noflet	melpa-recipe	dash
nov	20251213.1501	https://depp.brause.cc/nov.el	874daf5e4791a6d4f47741422c80e2736e907351	https://depp.brause.cc/nov.el	874daf5e4791a6d4f47741422c80e2736e907351	https://github.com/emacsmirror/nov	melpa-recipe	esxml
open-junk-file	20161210.1114	https://github.com/rubikitch/open-junk-file	558bec7372b0fed4c4cb6074ab906535fae615bd	https://github.com/rubikitch/open-junk-file	558bec7372b0fed4c4cb6074ab906535fae615bd	https://github.com/emacsmirror/open-junk-file	melpa-recipe	-
orderless	20260519.1029	https://github.com/oantolin/orderless	cebe19e3cf0f30604d1ed1bfaa74fff21a4e89a5	https://github.com/oantolin/orderless	cebe19e3cf0f30604d1ed1bfaa74fff21a4e89a5	https://github.com/emacsmirror/orderless	melpa-recipe	compat
org-brain	20230217.1908	https://github.com/Kungsgeten/org-brain	2bad7732aae1a3051e2a14de2e30f970bbe43c25	https://github.com/Kungsgeten/org-brain	2bad7732aae1a3051e2a14de2e30f970bbe43c25	https://github.com/emacsmirror/org-brain	melpa-recipe	-
org-bullets	20200317.1740	https://github.com/integral-dw/org-bullets	9ec0dbd30be7c6310804141ee952ac8c5f753557	https://github.com/integral-dw/org-bullets	9ec0dbd30be7c6310804141ee952ac8c5f753557	https://github.com/emacsmirror/org-bullets	melpa-recipe	-
org-category-capture	20260127.711	https://github.com/IvanMalison/org-project-capture	0521cbb6bb371cbfd9b7b5688b82ac119af1bf30	https://github.com/IvanMalison/org-project-capture	0521cbb6bb371cbfd9b7b5688b82ac119af1bf30	https://github.com/emacsmirror/org-project-capture	melpa-recipe	-
org-cliplink	20201126.1020	https://github.com/rexim/org-cliplink	13e0940b65d22bec34e2de4bc8cba1412a7abfbc	https://github.com/rexim/org-cliplink	13e0940b65d22bec34e2de4bc8cba1412a7abfbc	https://github.com/emacsmirror/org-cliplink	melpa-recipe	-
org-download	20241118.1846	https://github.com/abo-abo/org-download	c8be2611786d1d8d666b7b4f73582de1093f25ac	https://github.com/abo-abo/org-download	c8be2611786d1d8d666b7b4f73582de1093f25ac	https://github.com/emacsmirror/org-download	melpa-recipe	async
org-journal	20260413.1401	https://github.com/bastibe/org-journal	6460f6f2b0835b4b8aa87d5fdf40cac7deb319f5	https://github.com/bastibe/org-journal	6460f6f2b0835b4b8aa87d5fdf40cac7deb319f5	https://github.com/emacsmirror/org-journal	melpa-recipe	-
org-mime	20251201.245	https://github.com/org-mime/org-mime	ffaad784a8597ee52842a578c01bd347d3e0281d	https://github.com/org-mime/org-mime	ffaad784a8597ee52842a578c01bd347d3e0281d	https://github.com/emacsmirror/org-mime	melpa-recipe	-
org-pomodoro	20220318.1618	https://github.com/lolownia/org-pomodoro	3f5bcfb80d61556d35fc29e5ddb09750df962cc6	https://github.com/lolownia/org-pomodoro	3f5bcfb80d61556d35fc29e5ddb09750df962cc6	https://github.com/emacsmirror/org-pomodoro	melpa-recipe	alert
org-present	20220806.1847	https://github.com/rlister/org-present	4ec04e1b77dea76d7c30066ccf3200d2e0b7bee9	https://github.com/rlister/org-present	4ec04e1b77dea76d7c30066ccf3200d2e0b7bee9	https://github.com/emacsmirror/org-present	melpa-recipe	-
org-project-capture	20260313.1738	https://github.com/colonelpanic8/org-project-capture	6a95fb90bcdb7fcdeba9d9421d7c511cea95ef70	https://github.com/colonelpanic8/org-project-capture	6a95fb90bcdb7fcdeba9d9421d7c511cea95ef70	https://github.com/emacsmirror/org-project-capture	melpa-recipe	dash,org-category-capture,s
org-projectile	20260313.1738	https://github.com/colonelpanic8/org-project-capture	6a95fb90bcdb7fcdeba9d9421d7c511cea95ef70	https://github.com/colonelpanic8/org-project-capture	6a95fb90bcdb7fcdeba9d9421d7c511cea95ef70	https://github.com/emacsmirror/org-project-capture	melpa-recipe	dash,org-category-capture,org-project-capture,projectile
org-ref	20251206.1422	https://github.com/jkitchin/org-ref	dc2481d430906fe2552f9318f4405242e6d37396	https://github.com/jkitchin/org-ref	dc2481d430906fe2552f9318f4405242e6d37396	https://github.com/emacsmirror/org-ref	melpa-recipe	avy,bibtex-completion,citeproc,htmlize,ox-pandoc,parsebib,request,transient
org-rich-yank	20250923.919	https://github.com/unhammer/org-rich-yank	fe2ba1c9d9f1f7943d8f76879a1b2b9b15928147	https://github.com/unhammer/org-rich-yank	fe2ba1c9d9f1f7943d8f76879a1b2b9b15928147	https://github.com/emacsmirror/org-rich-yank	melpa-recipe	-
org-roam	20260425.1623	https://github.com/org-roam/org-roam	c54c523dec175695645399705606ea19056a3053	https://github.com/org-roam/org-roam	c54c523dec175695645399705606ea19056a3053		melpa-recipe	compat,emacsql,magit-section
org-superstar	20250914.1308	https://github.com/integral-dw/org-superstar-mode	ce6f7f421f995893f72d75ffdfa92964b9bea2e3	https://github.com/integral-dw/org-superstar-mode	ce6f7f421f995893f72d75ffdfa92964b9bea2e3	https://github.com/emacsmirror/org-superstar	melpa-recipe	-
orgit	20260717.1740	https://github.com/magit/orgit	47b3568fce775c756fb5bb3545c2edd48b8e2fc1	https://github.com/magit/orgit	47b3568fce775c756fb5bb3545c2edd48b8e2fc1	https://github.com/emacsmirror/orgit	melpa-recipe	compat,cond-let,llama,magit
origami	20200331.1019	https://github.com/gregsexton/origami.el	e558710a975e8511b9386edc81cd6bdd0a5bda74	https://github.com/gregsexton/origami.el	e558710a975e8511b9386edc81cd6bdd0a5bda74	https://github.com/emacsmirror/origami	melpa-recipe	dash,s
ov	20230522.1117	https://github.com/ShingoFukuyama/ov.el	e2971ad986b6ac441e9849031d34c56c980cf40b	https://github.com/ShingoFukuyama/ov.el	e2971ad986b6ac441e9849031d34c56c980cf40b	https://github.com/emacsmirror/ov	melpa-recipe	-
overseer	20240109.800	https://github.com/tonini/overseer.el	7fdcf1a6fba6b1569a09c1666b4e51bcde266ed9	https://github.com/tonini/overseer.el	7fdcf1a6fba6b1569a09c1666b4e51bcde266ed9	https://github.com/emacsmirror/overseer	melpa-recipe	dash,f,pkg-info
ox-pandoc	20260113.1929	https://github.com/emacsorphanage/ox-pandoc	1caeb56a4be26597319e7288edbc2cabada151b4	https://github.com/emacsorphanage/ox-pandoc	1caeb56a4be26597319e7288edbc2cabada151b4	https://github.com/emacsmirror/ox-pandoc	melpa-recipe	dash,ht
package-build	20260731.2245	https://github.com/melpa/package-build	80206e27d7b007464e6b28e8150662ba9d14f2bc	https://github.com/melpa/package-build	80206e27d7b007464e6b28e8150662ba9d14f2bc	https://github.com/emacsmirror/package-build	melpa-recipe	-
package-lint	20260619.1246	https://github.com/purcell/package-lint	35996f478d81e51dae4fa30d051f741895d07399	https://github.com/purcell/package-lint	35996f478d81e51dae4fa30d051f741895d07399	https://github.com/emacsmirror/package-lint	melpa-recipe	-
packed	20221130.2228	https://github.com/emacsattic/packed	169064f7acfe198cc7dd43d02518b773691e1314	https://github.com/emacsattic/packed	169064f7acfe198cc7dd43d02518b773691e1314		source-default	compat
page-break-lines	20250218.1607	https://github.com/purcell/page-break-lines	982571749c8fe2b5e2997dd043003a1b9fe87b38	https://github.com/purcell/page-break-lines	982571749c8fe2b5e2997dd043003a1b9fe87b38	https://github.com/emacsmirror/page-break-lines	melpa-recipe	-
paradox	20191011.1119	https://github.com/Malabarba/paradox	96401577ed02f433debe7604e49afd478e9eda61	https://github.com/Malabarba/paradox	96401577ed02f433debe7604e49afd478e9eda61	https://github.com/emacsmirror/paradox	melpa-recipe	hydra,spinner
paredit	20241103.2046	https://paredit.org/paredit.git	89e75b4cb21f525a6f4cabcd12f1bd4204e682ab	https://paredit.org/paredit.git	89e75b4cb21f525a6f4cabcd12f1bd4204e682ab	https://github.com/emacsmirror/paredit	melpa-recipe	-
parent-mode	20240210.1906	https://github.com/Fanael/parent-mode	9fe5363b2a190619641c79b3a40d874d8c8f9f40	https://github.com/Fanael/parent-mode	9fe5363b2a190619641c79b3a40d874d8c8f9f40	https://github.com/emacsmirror/parent-mode	melpa-recipe	-
parsebib	20251127.1731	https://github.com/joostkremers/parsebib	5b837e0a5b91a69cc0e5086d8e4a71d6d86dac93	https://github.com/joostkremers/parsebib	5b837e0a5b91a69cc0e5086d8e4a71d6d86dac93		melpa-recipe	-
parseclj	20260526.1843	https://github.com/clojure-emacs/parseclj	ca828c202c026e45bd60503984cf510d904cae50	https://github.com/clojure-emacs/parseclj	ca828c202c026e45bd60503984cf510d904cae50	https://github.com/emacsmirror/parseclj	melpa-recipe	-
parseedn	20260601.1258	https://github.com/clojure-emacs/parseedn	1a28a88e2aabd99b41e02f491d6b8874ec128d7d	https://github.com/clojure-emacs/parseedn	1a28a88e2aabd99b41e02f491d6b8874ec128d7d	https://github.com/emacsmirror/parseedn	melpa-recipe	map,parseclj
password-generator	20250615.2300	https://github.com/vandrlexay/emacs-password-genarator	2d0deb52f2fd978bff9001e155e36ac5bd287d52	https://github.com/vandrlexay/emacs-password-genarator	2d0deb52f2fd978bff9001e155e36ac5bd287d52	https://github.com/emacsmirror/password-generator	melpa-recipe	-
pcache	20260728.1657	https://github.com/sigma/pcache	17d785afa4532043afa8b2dc9ae3d9733528e758	https://github.com/sigma/pcache	17d785afa4532043afa8b2dc9ae3d9733528e758	https://github.com/emacsmirror/pcache	melpa-recipe	-
pcre2el	20240629.2322	https://github.com/joddie/pcre2el	b4d846d80dddb313042131cf2b8fbf647567e000	https://github.com/joddie/pcre2el	b4d846d80dddb313042131cf2b8fbf647567e000	https://github.com/emacsmirror/pcre2el	melpa-recipe	-
pdf-tools	20260102.1101	https://github.com/vedang/pdf-tools	e4b7f1f37cf59ddf025d609ffcdabe732a6e99ba	https://github.com/vedang/pdf-tools	e4b7f1f37cf59ddf025d609ffcdabe732a6e99ba	https://github.com/emacsmirror/pdf-tools	melpa-recipe	tablist
persp-mode	20250830.955	https://github.com/Bad-ptr/persp-mode.el	fab4bf76927445d2e431f06e74572acba81f47d5	https://github.com/Bad-ptr/persp-mode.el	fab4bf76927445d2e431f06e74572acba81f47d5	https://github.com/emacsmirror/persp-mode	melpa-recipe	-
pfuture	20220913.1401	https://github.com/Alexander-Miller/pfuture	19b53aebbc0f2da31de6326c495038901bffb73c	https://github.com/Alexander-Miller/pfuture	19b53aebbc0f2da31de6326c495038901bffb73c	https://github.com/emacsmirror/pfuture	melpa-recipe	-
php-mode	20260719.209	https://github.com/emacs-php/php-mode	6ebe4a618aa64db3e15f809b036c1b1a6d05c030	https://github.com/emacs-php/php-mode	6ebe4a618aa64db3e15f809b036c1b1a6d05c030	https://github.com/emacsmirror/php-mode	melpa-recipe	-
php-runtime	20241024.1622	https://github.com/emacs-php/php-runtime.el	37beef404c70d7b80dc085b1ee1e13fd9c375fe6	https://github.com/emacs-php/php-runtime.el	37beef404c70d7b80dc085b1ee1e13fd9c375fe6	https://github.com/emacsmirror/php-runtime	melpa-recipe	-
pinyinlib	20200911.1723	https://github.com/cute-jumper/pinyinlib.el	1772c79b6f319b26b6a394a8dda065be3ea4498d	https://github.com/cute-jumper/pinyinlib.el	1772c79b6f319b26b6a394a8dda065be3ea4498d	https://github.com/emacsmirror/pinyinlib	melpa-recipe	-
pip-requirements	20240621.2151	https://github.com/Wilfred/pip-requirements.el	31e0dc62abb2d88fa765e0ea88b919d756cc0e4f	https://github.com/Wilfred/pip-requirements.el	31e0dc62abb2d88fa765e0ea88b919d756cc0e4f	https://github.com/emacsmirror/pip-requirements	melpa-recipe	dash
pipenv	20220514.123	https://github.com/pwalsh/pipenv.el	3af159749824c03f59176aff7f66ddd6a5785a10	https://github.com/pwalsh/pipenv.el	3af159749824c03f59176aff7f66ddd6a5785a10	https://github.com/emacsmirror/pipenv	melpa-recipe	load-env-vars,pyvenv,s
pippel	20220416.1743	https://github.com/arifer612/pippel	19153aa8845aa95d080f224d4fcaf2d75224bd5a	https://github.com/arifer612/pippel	19153aa8845aa95d080f224d4fcaf2d75224bd5a	https://github.com/emacsmirror/pippel	melpa-recipe	dash,s
pkg-info	20150517.1143	https://github.com/emacsorphanage/pkg-info	4dbe328c9eced79e0004e3fdcd7bfb997a928be5	https://github.com/emacsorphanage/pkg-info	4dbe328c9eced79e0004e3fdcd7bfb997a928be5	https://github.com/emacsmirror/pkg-info	melpa-recipe	epl
polymode	20260505.1803	https://github.com/polymode/polymode	8cb72fa5dcc0d98746c680043dc121edc7621e3a	https://github.com/polymode/polymode	8cb72fa5dcc0d98746c680043dc121edc7621e3a	https://github.com/emacsmirror/polymode	melpa-recipe	-
popup	20251231.1622	https://github.com/auto-complete/popup-el	45a0b759076ce4139aba36dde0a2904136282e73	https://github.com/auto-complete/popup-el	45a0b759076ce4139aba36dde0a2904136282e73	https://github.com/emacsmirror/popup	melpa-recipe	-
popwin	20260103.1800	https://github.com/emacsorphanage/popwin	f7a39759180fa88f3890c3c5f35379ab086e04fa	https://github.com/emacsorphanage/popwin	f7a39759180fa88f3890c3c5f35379ab086e04fa	https://github.com/emacsmirror/popwin	melpa-recipe	-
pos-tip	20240209.837	https://github.com/pitkali/pos-tip	4889e08cf9077c8589ea6fea4e2ce558614dfcde	https://github.com/pitkali/pos-tip	4889e08cf9077c8589ea6fea4e2ce558614dfcde	https://github.com/emacsmirror/pos-tip	melpa-recipe	-
posframe	20260527.857	https://github.com/tumashu/posframe	74c8c56131ed866db47ae4191364b72dd4852456	https://github.com/tumashu/posframe	74c8c56131ed866db47ae4191364b72dd4852456	https://github.com/emacsmirror/posframe	melpa-recipe	-
powerline	20221110.1956	https://github.com/milkypostman/powerline	c35c35bdf5ce2d992882c1f06f0f078058870d4a	https://github.com/milkypostman/powerline	c35c35bdf5ce2d992882c1f06f0f078058870d4a	https://github.com/emacsmirror/powerline	melpa-recipe	-
powershell	20251122.1430	https://github.com/jschaf/powershell.el	ae60e11c96cc1767f05ce0cab6a917240ce2e37a	https://github.com/jschaf/powershell.el	ae60e11c96cc1767f05ce0cab6a917240ce2e37a	https://github.com/emacsmirror/powershell	melpa-recipe	-
prescient	20260628.2243	https://github.com/raxod502/prescient.el	5649977fa7789e4615efeca09397ed7eccd06dfc	https://github.com/raxod502/prescient.el	5649977fa7789e4615efeca09397ed7eccd06dfc	https://github.com/emacsmirror/prescient	melpa-recipe	-
prettier-js	20250705.322	https://github.com/prettier/prettier-emacs	1ce7a310b000200e333f0015b87d910672ebdb7e	https://github.com/prettier/prettier-emacs	1ce7a310b000200e333f0015b87d910672ebdb7e	https://github.com/emacsmirror/prettier-js	melpa-recipe	-
projectile	20260728.945	https://github.com/bbatsov/projectile	727b62a0ffee5fe59dcac4ac701be4332f4e46ae	https://github.com/bbatsov/projectile	727b62a0ffee5fe59dcac4ac701be4332f4e46ae	https://github.com/emacsmirror/projectile	melpa-recipe	-
promise	20210307.727	https://github.com/chuntaro/emacs-promise	cec51feb5f957e8febe6325335cf57dc2db6be30	https://github.com/chuntaro/emacs-promise	cec51feb5f957e8febe6325335cf57dc2db6be30	https://github.com/emacsmirror/promise	melpa-recipe	-
pug-mode	20211114.1645	https://github.com/hlissner/emacs-pug-mode	73f8c2f95eba695f701df20c8436f49abadebdc1	https://github.com/hlissner/emacs-pug-mode	73f8c2f95eba695f701df20c8436f49abadebdc1	https://github.com/emacsmirror/pug-mode	melpa-recipe	-
py-isort	20160925.1018	https://github.com/paetzke/py-isort.el	e67306f459c47c53a65604e4eea88a3914596560	https://github.com/paetzke/py-isort.el	e67306f459c47c53a65604e4eea88a3914596560	https://github.com/emacsmirror/py-isort	melpa-recipe	-
pyenv-mode	20230821.1645	https://github.com/pythonic-emacs/pyenv-mode	6820aa6673e6a51ace88611a58b423b5b1effb19	https://github.com/pythonic-emacs/pyenv-mode	6820aa6673e6a51ace88611a58b423b5b1effb19	https://github.com/emacsmirror/pyenv-mode	melpa-recipe	pythonic
pyim	20251230.809	https://github.com/tumashu/pyim	a56c8d992c872addcfc295c409a7bae70d00af87	https://github.com/tumashu/pyim	a56c8d992c872addcfc295c409a7bae70d00af87	https://github.com/emacsmirror/pyim	melpa-recipe	async,xr
pytest	20230810.1218	https://github.com/ionrock/pytest-el	8692f965bf4ddf3d755cf1fbf77a7a768e22460e	https://github.com/ionrock/pytest-el	8692f965bf4ddf3d755cf1fbf77a7a768e22460e	https://github.com/emacsmirror/pytest	melpa-recipe	s
python-environment	20150310.853	https://github.com/tkf/emacs-python-environment	401006584e32864a10c69d29f14414828909362e	https://github.com/tkf/emacs-python-environment	401006584e32864a10c69d29f14414828909362e	https://github.com/emacsmirror/emacs-python-environment	melpa-recipe	deferred
python-mode	20260710.1059	https://gitlab.com/python-mode-devs/python-mode	dbbfaa9bbfa1e330f4d9ec81b3793fbb2a297ecd	https://gitlab.com/python-mode-devs/python-mode	dbbfaa9bbfa1e330f4d9ec81b3793fbb2a297ecd	https://github.com/emacsmirror/python-mode	melpa-recipe	-
pythonic	20230821.1733	https://github.com/pythonic-emacs/pythonic	f6e0bec552319341f260a5c4740288799c2b3a5b	https://github.com/pythonic-emacs/pythonic	f6e0bec552319341f260a5c4740288799c2b3a5b	https://github.com/emacsmirror/pythonic	melpa-recipe	f,s
pyvenv	20211014.707	https://github.com/jorgenschaefer/pyvenv	31ea715f2164dd611e7fc77b26390ef3ca93509b	https://github.com/jorgenschaefer/pyvenv	31ea715f2164dd611e7fc77b26390ef3ca93509b	https://github.com/emacsmirror/pyvenv	melpa-recipe	-
quelpa	20250113.1906	https://github.com/quelpa/quelpa	cf01224edd82920a0fb8a90568d2e14347354fc8	https://github.com/quelpa/quelpa	cf01224edd82920a0fb8a90568d2e14347354fc8	https://github.com/emacsmirror/quelpa	melpa-recipe	-
queue	0.2	https://git.savannah.gnu.org/git/emacs/elpa.git	c9ec2e33f26b068c40b8391e91a7839546fa8355	https://git.savannah.gnu.org/git/emacs/elpa.git	c9ec2e33f26b068c40b8391e91a7839546fa8355		source-default	-
quickrun	20260103.1800	https://github.com/emacsorphanage/quickrun	9199e222f95104ee83e115a9d5ac159d86816706	https://github.com/emacsorphanage/quickrun	9199e222f95104ee83e115a9d5ac159d86816706	https://github.com/emacsmirror/quickrun	melpa-recipe	ht
racer	20210307.243	https://github.com/racer-rust/emacs-racer	1e63e98626737ea9b662d4a9b1ffd6842b1c648c	https://github.com/racer-rust/emacs-racer	1e63e98626737ea9b662d4a9b1ffd6842b1c648c	https://github.com/emacsmirror/racer	melpa-recipe	dash,f,pos-tip,rust-mode,s
racket-mode	20260726.2002	https://github.com/greghendershott/racket-mode	f92a33dcc3b604f53ef23a538e26e1f25c4fea47	https://github.com/greghendershott/racket-mode	f92a33dcc3b604f53ef23a538e26e1f25c4fea47	https://github.com/emacsmirror/racket-mode	melpa-recipe	compat
rainbow-delimiters	20210515.1254	https://github.com/Fanael/rainbow-delimiters	7919681b0d883502155d5b26e791fec15da6aeca	https://github.com/Fanael/rainbow-delimiters	7919681b0d883502155d5b26e791fec15da6aeca	https://github.com/emacsmirror/rainbow-delimiters	melpa-recipe	-
rainbow-mode	1.0.6	https://git.savannah.gnu.org/git/emacs/elpa.git	ac68593018ef3555e64ea592d72334f4e3e39209	https://git.savannah.gnu.org/git/emacs/elpa.git	ac68593018ef3555e64ea592d72334f4e3e39209		source-default	-
rake	20220211.827	https://github.com/asok/rake	452ea0caca33376487103c64177c295ed2960cca	https://github.com/asok/rake	452ea0caca33376487103c64177c295ed2960cca	https://github.com/emacsmirror/rake	melpa-recipe	dash,f
reformatter	20241204.1051	https://github.com/purcell/emacs-reformatter	f2cb59466b1c3f85a8c960f7d4b7b7ead015bedc	https://github.com/purcell/emacs-reformatter	f2cb59466b1c3f85a8c960f7d4b7b7ead015bedc	https://github.com/emacsmirror/reformatter	melpa-recipe	-
request	20250219.2213	https://github.com/tkf/emacs-request	6f419b5cdd2dfa83675ae53f04d8463d00a533f8	https://github.com/tkf/emacs-request	6f419b5cdd2dfa83675ae53f04d8463d00a533f8	https://github.com/emacsmirror/request	melpa-recipe	-
request-deferred	20220614.1604	https://github.com/tkf/emacs-request	38ed1d2e64138eb16a9d8ed2987cff2e01b4a93b	https://github.com/tkf/emacs-request	38ed1d2e64138eb16a9d8ed2987cff2e01b4a93b	https://github.com/emacsmirror/emacs-request	melpa-recipe	deferred,request
restart-emacs	20201127.1425	https://github.com/iqbalansari/restart-emacs	d0fca7fba014b2d0d4dedcb9744a1e73cd9a6409	https://github.com/iqbalansari/restart-emacs	d0fca7fba014b2d0d4dedcb9744a1e73cd9a6409	https://github.com/emacsmirror/restart-emacs	melpa-recipe	-
restclient	20231010.1427	https://github.com/pashky/restclient.el	e2a2b13482d72634f8e49864cd9e5c907a5fe137	https://github.com/pashky/restclient.el	e2a2b13482d72634f8e49864cd9e5c907a5fe137		melpa-recipe	-
rg	20260517.1310	https://github.com/dajva/rg.el	e46a16b8bdba111c9c0036d0e209490dd7a3690f	https://github.com/dajva/rg.el	e46a16b8bdba111c9c0036d0e209490dd7a3690f	https://github.com/emacsmirror/rg	melpa-recipe	transient,wgrep
rich-minority	20240924.2317	https://github.com/Malabarba/rich-minority	77cf5ec620aaef18385d2e1d2dad05b4f63dad95	https://github.com/Malabarba/rich-minority	77cf5ec620aaef18385d2e1d2dad05b4f63dad95	https://github.com/emacsmirror/rich-minority	melpa-recipe	-
rjsx-mode	20200224.2149	https://github.com/felipeochoa/rjsx-mode/	0061587a06cdc2579a8d0e90863498d96bf982d8	https://github.com/felipeochoa/rjsx-mode/	0061587a06cdc2579a8d0e90863498d96bf982d8	https://github.com/emacsmirror/rjsx-mode	melpa-recipe	js2-mode
robe	20250219.1910	https://github.com/dgutov/robe	73a78e55394c1c70c11f9354ef52e7ffce31547c	https://github.com/dgutov/robe	73a78e55394c1c70c11f9354ef52e7ffce31547c	https://github.com/emacsmirror/robe	melpa-recipe	inf-ruby
rspec-mode	20260618.548	https://github.com/pezra/rspec-mode	b5d48de9b56a0070d7a0d3e642b139992a1ce3f0	https://github.com/pezra/rspec-mode	b5d48de9b56a0070d7a0d3e642b139992a1ce3f0	https://github.com/emacsmirror/rspec-mode	melpa-recipe	-
rtags	20260727.1603	https://github.com/Andersbakken/rtags	b0bd2b276f810a291f08c05ba2860ca07285a2eb	https://github.com/Andersbakken/rtags	b0bd2b276f810a291f08c05ba2860ca07285a2eb	https://github.com/emacsmirror/rtags	melpa-recipe	-
rust-mode	20260725.1442	https://github.com/rust-lang/rust-mode	0058837c048cc031ca1a13f598a6a6604777458b	https://github.com/rust-lang/rust-mode	0058837c048cc031ca1a13f598a6a6604777458b	https://github.com/emacsmirror/rust-mode	melpa-recipe	-
rustic	20260407.1712	https://github.com/emacs-rustic/rustic	b6c7e095145bb1fd0dc9cfb90ce36884e944556d	https://github.com/emacs-rustic/rustic	b6c7e095145bb1fd0dc9cfb90ce36884e944556d	https://github.com/emacsmirror/rustic	melpa-recipe	dash,f,markdown-mode,rust-mode,s,spinner,xterm-color
s	20220902.1511	https://github.com/magnars/s.el	b4b8c03fcef316a27f75633fe4bb990aeff6e705	https://github.com/magnars/s.el	b4b8c03fcef316a27f75633fe4bb990aeff6e705	https://github.com/emacsmirror/s	melpa-recipe	-
sage-shell-mode	20260523.1504	https://github.com/sagemath/sage-shell-mode	bb59cd559a9d7639d9ef16addbb0809ea4790392	https://github.com/sagemath/sage-shell-mode	bb59cd559a9d7639d9ef16addbb0809ea4790392	https://github.com/emacsmirror/sage-shell-mode	melpa-recipe	deferred
sass-mode	20190502.53	https://github.com/nex3/sass-mode	247a0d4b509f10b28e4687cd8763492bca03599b	https://github.com/nex3/sass-mode	247a0d4b509f10b28e4687cd8763492bca03599b	https://github.com/emacsmirror/sass-mode	melpa-recipe	haml-mode
scala-mode	20260118.942	https://github.com/hvesalai/emacs-scala-mode	50bcafa181baec7054e27f4bca55d5f9277c6350	https://github.com/hvesalai/emacs-scala-mode	50bcafa181baec7054e27f4bca55d5f9277c6350	https://github.com/emacsmirror/scala-mode	melpa-recipe	-
scratch	20220319.1705	https://github.com/ieure/scratch-el	f000648c9663833a76a8de9b1e78c99a9d698e48	https://github.com/ieure/scratch-el	f000648c9663833a76a8de9b1e78c99a9d698e48	https://github.com/emacsmirror/scratch-el	melpa-recipe	-
scss-mode	20180123.1708	https://github.com/antonj/scss-mode	cf58dbec5394280503eb5502938f3b5445d1b53d	https://github.com/antonj/scss-mode	cf58dbec5394280503eb5502938f3b5445d1b53d	https://github.com/emacsmirror/scss-mode	melpa-recipe	-
sesman	20260616.1239	https://github.com/vspinu/sesman	7eb733acb33e610a53979fa7fc13393eeda3cc53	https://github.com/vspinu/sesman	7eb733acb33e610a53979fa7fc13393eeda3cc53	https://github.com/emacsmirror/sesman	melpa-recipe	-
session	20210422.53	https://emacs-session.sourceforge.net/	3be207c50dfe964de3cbf5cd8fa9b07fc7d2e609	https://github.com/emacsattic/session	3be207c50dfe964de3cbf5cd8fa9b07fc7d2e609		source-default	-
shell-maker	20260727.1508	https://github.com/xenodium/shell-maker	679cfbc02e206e0a702048cfd7c663eb5c9d1059	https://github.com/xenodium/shell-maker	679cfbc02e206e0a702048cfd7c663eb5c9d1059	https://github.com/emacsmirror/shell-maker	melpa-recipe	-
shell-pop	20260610.223	https://github.com/kyagi/shell-pop-el	446b1691454e65be648dcb7e316639aa7dd73be2	https://github.com/kyagi/shell-pop-el	446b1691454e65be648dcb7e316639aa7dd73be2	https://github.com/emacsmirror/shell-pop	melpa-recipe	-
shift-number	20260620.1211	https://codeberg.org/ideasman42/emacs-shift-number	d5e8bece6e6ab21ad5a93330d49b2554e9eb72a9	https://codeberg.org/ideasman42/emacs-shift-number	d5e8bece6e6ab21ad5a93330d49b2554e9eb72a9	https://github.com/emacsmirror/shift-number	melpa-recipe	-
shrink-path	20190208.1335	https://gitlab.com/bennya/shrink-path.el	c14882c8599aec79a6e8ef2d06454254bb3e1e41	https://gitlab.com/bennya/shrink-path.el	c14882c8599aec79a6e8ef2d06454254bb3e1e41	https://github.com/emacsmirror/shrink-path	melpa-recipe	dash,f,s
shut-up	20240429.605	https://github.com/cask/shut-up	ed62a7fefdf04c81346061016f1bc69ca045aaf6	https://github.com/cask/shut-up	ed62a7fefdf04c81346061016f1bc69ca045aaf6	https://github.com/emacsmirror/shut-up	melpa-recipe	-
simple-httpd	20260623.1110	https://github.com/skeeto/emacs-web-server	ceb208f96601be09397fc9e64fa96014ac1c8739	https://github.com/skeeto/emacs-web-server	ceb208f96601be09397fc9e64fa96014ac1c8739	https://github.com/emacsmirror/simple-httpd	melpa-recipe	compat
skewer-mode	20200304.1142	https://github.com/skeeto/skewer-mode	e5bed351939c92a1f788f78398583c2f83f1bb3c	https://github.com/skeeto/skewer-mode	e5bed351939c92a1f788f78398583c2f83f1bb3c	https://github.com/emacsmirror/skewer-mode	melpa-recipe	js2-mode,simple-httpd
slim-mode	20240513.211	https://github.com/slim-template/emacs-slim	8c92169817f2fa59255f547f0a9fb4fbb8309db9	https://github.com/slim-template/emacs-slim	8c92169817f2fa59255f547f0a9fb4fbb8309db9	https://github.com/emacsmirror/slim-mode	melpa-recipe	-
slime	20260719.420	https://github.com/slime/slime	055c1c98c2b7791162b0e8c994051a7d72208dc1	https://github.com/slime/slime	055c1c98c2b7791162b0e8c994051a7d72208dc1	https://github.com/emacsmirror/slime	melpa-recipe	macrostep
sly	20260402.2249	https://github.com/joaotavora/sly	759c0ff8741ced8793257f2b7ed95a23e13e1407	https://github.com/joaotavora/sly	759c0ff8741ced8793257f2b7ed95a23e13e1407	https://github.com/emacsmirror/sly	melpa-recipe	-
smart-mode-line	20240924.2322	https://github.com/Malabarba/smart-mode-line	bbed708eb8393697e01ab2474dfb54d7c5ea7905	https://github.com/Malabarba/smart-mode-line	bbed708eb8393697e01ab2474dfb54d7c5ea7905	https://github.com/emacsmirror/smart-mode-line	melpa-recipe	rich-minority
smartparens	20260129.1214	https://github.com/Fuco1/smartparens	82d2cf084a19b0c2c3812e0550721f8a61996056	https://github.com/Fuco1/smartparens	82d2cf084a19b0c2c3812e0550721f8a61996056	https://github.com/emacsmirror/smartparens	melpa-recipe	dash
smeargle	20200323.533	https://github.com/emacsorphanage/smeargle	1c5c1e1d66aa96b818fbfcdf9fbec84e509b87be	https://github.com/emacsorphanage/smeargle	1c5c1e1d66aa96b818fbfcdf9fbec84e509b87be	https://github.com/emacsmirror/smeargle	melpa-recipe	-
smex	20151212.2209	https://github.com/nonsequitur/smex	55aaebe3d793c2c990b39a302eb26c184281c42c	https://github.com/nonsequitur/smex	55aaebe3d793c2c990b39a302eb26c184281c42c	https://github.com/emacsmirror/smex	melpa-recipe	-
smooth-scrolling	20161002.1949	https://github.com/aspiers/smooth-scrolling	2462c13640aa4c75ab3ddad443fedc29acf68f84	https://github.com/aspiers/smooth-scrolling	2462c13640aa4c75ab3ddad443fedc29acf68f84	https://github.com/emacsmirror/smooth-scrolling	melpa-recipe	-
solarized-theme	20260728.833	https://github.com/bbatsov/solarized-emacs	1443d6dce378ad2d65a8a8c45d5279481a79dfab	https://github.com/bbatsov/solarized-emacs	1443d6dce378ad2d65a8a8c45d5279481a79dfab	https://github.com/emacsmirror/solarized-theme	melpa-recipe	-
spaceline	20230922.1127	https://github.com/TheBB/spaceline	086420d16e526c79b67fc1edec4c2ae1e699f372	https://github.com/TheBB/spaceline	086420d16e526c79b67fc1edec4c2ae1e699f372	https://github.com/emacsmirror/spaceline	melpa-recipe	dash,powerline,s
spaceline-all-the-icons	20190325.1602	https://github.com/domtronn/spaceline-all-the-icons.el	5afd48c10f1bd42d9b9648c5e64596b72f3e9042	https://github.com/domtronn/spaceline-all-the-icons.el	5afd48c10f1bd42d9b9648c5e64596b72f3e9042	https://github.com/emacsmirror/spaceline-all-the-icons	melpa-recipe	all-the-icons,memoize,spaceline
spacemacs-theme	0.2	https://github.com/nashamri/spacemacs-theme	cbd290dfde96f53a7b41730c7840850a8a7b8a02	https://github.com/nashamri/spacemacs-theme	cbd290dfde96f53a7b41730c7840850a8a7b8a02		melpa-recipe	-
sphinx-doc	20210213.1250	https://github.com/naiquevin/sphinx-doc.el	1eda612a44ef027e5229895daa77db99a21b8801	https://github.com/naiquevin/sphinx-doc.el	1eda612a44ef027e5229895daa77db99a21b8801	https://github.com/emacsmirror/sphinx-doc	melpa-recipe	dash,s
spinner	1.7.4	https://github.com/Malabarba/spinner.el	bca794fa6f6b007292cdac9b0a850a3711986db5	https://github.com/Malabarba/spinner.el	bca794fa6f6b007292cdac9b0a850a3711986db5	https://github.com/emacsmirror/spinner	source-default	-
splitter	20170809.2208	https://github.com/chumpage/chumpy-windows	6bdb51e9a346907d60a9625f6180bddd06be6674	https://github.com/chumpage/chumpy-windows	6bdb51e9a346907d60a9625f6180bddd06be6674		melpa-recipe	-
sqlite3	20251014.536	https://github.com/pekingduck/emacs-sqlite3-api	a6376d769cf0749930b9bc00170e962029210406	https://github.com/pekingduck/emacs-sqlite3-api	a6376d769cf0749930b9bc00170e962029210406	https://github.com/emacsmirror/sqlite3	melpa-recipe	-
string-edit-at-point	20230118.1933	https://github.com/magnars/string-edit.el	87936d816ae24184dd83688136531b6b6f1943fe	https://github.com/magnars/string-edit.el	87936d816ae24184dd83688136531b6b6f1943fe	https://github.com/emacsmirror/string-edit-at-point	melpa-recipe	dash
string-inflection	20251114.1041	https://github.com/akicho8/string-inflection	072f7dff43140570788d64ac0ec9d930c3c2a96b	https://github.com/akicho8/string-inflection	072f7dff43140570788d64ac0ec9d930c3c2a96b	https://github.com/emacsmirror/string-inflection	melpa-recipe	-
sublime-themes	20170606.1844	https://github.com/owainlewis/emacs-color-themes	60ee40af82eb55b79d5ed4026f1911326311603f	https://github.com/owainlewis/emacs-color-themes	60ee40af82eb55b79d5ed4026f1911326311603f	https://github.com/emacsmirror/emacs-color-themes	melpa-recipe	-
svg-lib	0.3	https://github.com/rougier/svg-lib	f2cc9615ef3a052747135d34f31c423a26592f14	https://github.com/rougier/svg-lib	f2cc9615ef3a052747135d34f31c423a26592f14	https://github.com/emacsmirror/svg-lib	source-default	-
swiper	20260101.2125	https://github.com/abo-abo/swiper	d489b4f0d48fd215119261d92de103c5b5580895	https://github.com/abo-abo/swiper	d489b4f0d48fd215119261d92de103c5b5580895	https://github.com/emacsmirror/swiper	melpa-recipe	ivy
switch-window	20260316.257	https://github.com/dimitri/switch-window	1ccbfa53df499cb31d5ebbe21306cdcc6b06c135	https://github.com/dimitri/switch-window	1ccbfa53df499cb31d5ebbe21306cdcc6b06c135	https://github.com/emacsmirror/switch-window	melpa-recipe	-
symbol-overlay	20260703.1437	https://github.com/wolray/symbol-overlay	85d100b0cca35b70cee1b260e09af8e1fb2fcc08	https://github.com/wolray/symbol-overlay	85d100b0cca35b70cee1b260e09af8e1fb2fcc08	https://github.com/emacsmirror/symbol-overlay	melpa-recipe	-
symon	20260411.1454	https://github.com/zk-phi/symon	294668d63da642276a0003cb4e9d6f8b40a13788	https://github.com/zk-phi/symon	294668d63da642276a0003cb4e9d6f8b40a13788	https://github.com/emacsmirror/symon	melpa-recipe	-
tablist	20260623.1855	https://github.com/emacsorphanage/tablist	01f065e387ffe6b7a41f180f257cd12551c7a9c2	https://github.com/emacsorphanage/tablist	01f065e387ffe6b7a41f180f257cd12551c7a9c2	https://github.com/emacsmirror/tablist	melpa-recipe	-
tagedit	20161121.855	https://github.com/magnars/tagedit	b3a70101a0dcf85498c92b7fcfa7fdbac869746c	https://github.com/magnars/tagedit	b3a70101a0dcf85498c92b7fcfa7fdbac869746c	https://github.com/emacsmirror/tagedit	melpa-recipe	dash,s
tao-theme	20250717.347	https://github.com/11111000000/tao-theme-emacs	33c0d44048afe444e7a8aee30fbc101a00453799	https://github.com/11111000000/tao-theme-emacs	33c0d44048afe444e7a8aee30fbc101a00453799	https://github.com/emacsmirror/tao-theme-emacs	melpa-recipe	-
tern	20260514.1348	https://github.com/ternjs/tern	fab80daebd798b233a9a40d5a8b99359ace63b5e	https://github.com/ternjs/tern	fab80daebd798b233a9a40d5a8b99359ace63b5e	https://github.com/emacsmirror/tern	melpa-recipe	-
terraform-mode	20251115.2210	https://github.com/hcl-emacs/terraform-mode	01635df3625c0cec2bb4613a6f920b8569d41009	https://github.com/hcl-emacs/terraform-mode	01635df3625c0cec2bb4613a6f920b8569d41009	https://github.com/emacsmirror/terraform-mode	melpa-recipe	dash,hcl-mode
tide	20260219.336	https://github.com/ananthakumaran/tide	9498c4c7fc97d8042fdff532f47f1dc79ebd163a	https://github.com/ananthakumaran/tide	9498c4c7fc97d8042fdff532f47f1dc79ebd163a	https://github.com/emacsmirror/tide	melpa-recipe	dash,flycheck,s
tinysegmenter	20141124.1013	https://github.com/myuhe/tinysegmenter.el	872134704bd25c13a4c59552433da4c6881b5230	https://github.com/myuhe/tinysegmenter.el	872134704bd25c13a4c59552433da4c6881b5230	https://github.com/emacsmirror/tinysegmenter	melpa-recipe	-
toc-org	20260514.1415	https://github.com/snosov1/toc-org	781376e9dc9a901116c0c39914aeb4d46e524e0a	https://github.com/snosov1/toc-org	781376e9dc9a901116c0c39914aeb4d46e524e0a	https://github.com/emacsmirror/toc-org	melpa-recipe	-
toml-mode	20161107.1800	https://github.com/dryman/toml-mode.el	f6c61817b00f9c4a3cab1bae9c309e0fc45cdd06	https://github.com/dryman/toml-mode.el	f6c61817b00f9c4a3cab1bae9c309e0fc45cdd06	https://github.com/emacsmirror/toml-mode	melpa-recipe	-
transient	20260725.1105	https://github.com/magit/transient	91c25496972566d6b1b4411c1bb7a7e669355a4c	https://github.com/magit/transient	91c25496972566d6b1b4411c1bb7a7e669355a4c	https://github.com/emacsmirror/transient	melpa-recipe	cond-let,llama
transpose-frame	20221109.2053	https://github.com/emacsorphanage/transpose-frame	94c87794d53883a2358d13da264ad8dab9a52daa	https://github.com/emacsorphanage/transpose-frame	94c87794d53883a2358d13da264ad8dab9a52daa	https://github.com/emacsmirror/transpose-frame	melpa-recipe	-
tree-sitter	20260116.9	https://github.com/emacs-tree-sitter/elisp-tree-sitter	8f0bd387ad7a1cf7e8fdd5977d386a17ea70a82d	https://github.com/emacs-tree-sitter/elisp-tree-sitter	8f0bd387ad7a1cf7e8fdd5977d386a17ea70a82d		melpa-recipe	tsc
tree-sitter-langs	20260729.1912	https://github.com/emacs-tree-sitter/tree-sitter-langs	1a827f821fbcb967db5eecccd569b7fa4b93d152	https://github.com/emacs-tree-sitter/tree-sitter-langs	1a827f821fbcb967db5eecccd569b7fa4b93d152		melpa-recipe	tree-sitter
treemacs	20251226.1307	https://github.com/Alexander-Miller/treemacs	2ab5a3c89fa01bbbd99de9b8986908b2bc5a7b49	https://github.com/Alexander-Miller/treemacs	2ab5a3c89fa01bbbd99de9b8986908b2bc5a7b49	https://github.com/emacsmirror/treemacs	melpa-recipe	ace-window,cfrs,dash,ht,hydra,pfuture,s
treemacs-evil	20250320.2145	https://github.com/Alexander-Miller/treemacs	55079b017fb821a34ace398cd3d8c5b556a22f6d	https://github.com/Alexander-Miller/treemacs	55079b017fb821a34ace398cd3d8c5b556a22f6d	https://github.com/emacsmirror/treemacs	melpa-recipe	evil,treemacs
treemacs-icons-dired	20250320.2145	https://github.com/Alexander-Miller/treemacs	55079b017fb821a34ace398cd3d8c5b556a22f6d	https://github.com/Alexander-Miller/treemacs	55079b017fb821a34ace398cd3d8c5b556a22f6d	https://github.com/emacsmirror/treemacs	melpa-recipe	treemacs
treemacs-magit	20250726.2233	https://github.com/Alexander-Miller/treemacs	68e444e066a30d70a201fb162c8cf3d472226853	https://github.com/Alexander-Miller/treemacs	68e444e066a30d70a201fb162c8cf3d472226853	https://github.com/emacsmirror/treemacs	melpa-recipe	magit,pfuture,treemacs
treemacs-persp	20250320.2145	https://github.com/Alexander-Miller/treemacs	55079b017fb821a34ace398cd3d8c5b556a22f6d	https://github.com/Alexander-Miller/treemacs	55079b017fb821a34ace398cd3d8c5b556a22f6d	https://github.com/emacsmirror/treemacs	melpa-recipe	dash,persp-mode,treemacs
treemacs-projectile	20250320.2206	https://github.com/Alexander-Miller/treemacs	f80a309319c2374585babcb3e00ea6f3314160f3	https://github.com/Alexander-Miller/treemacs	f80a309319c2374585babcb3e00ea6f3314160f3	https://github.com/emacsmirror/treemacs	melpa-recipe	projectile,treemacs
treepy	20260531.1144	https://github.com/volrath/treepy.el	806c000bd40153d17dfa5709c6d19546d507a416	https://github.com/volrath/treepy.el	806c000bd40153d17dfa5709c6d19546d507a416	https://github.com/emacsmirror/treepy	melpa-recipe	-
tsc	20260116.9	https://github.com/emacs-tree-sitter/elisp-tree-sitter	8f0bd387ad7a1cf7e8fdd5977d386a17ea70a82d	https://github.com/emacs-tree-sitter/elisp-tree-sitter	8f0bd387ad7a1cf7e8fdd5977d386a17ea70a82d		melpa-recipe	-
tuareg	20260626.936	https://github.com/ocaml/tuareg	2d67d53a66fbf9d83c0416dba3275080b1bc6dfd	https://github.com/ocaml/tuareg	2d67d53a66fbf9d83c0416dba3275080b1bc6dfd	https://github.com/emacsmirror/tuareg	melpa-recipe	-
typescript-mode	20250118.2056	https://github.com/emacs-typescript/typescript.el	481df3ad2cdf569d8e6697679669ff6206fbd2f9	https://github.com/emacs-typescript/typescript.el	481df3ad2cdf569d8e6697679669ff6206fbd2f9	https://github.com/emacsmirror/typescript-mode	melpa-recipe	-
undercover	20210602.2119	https://github.com/undercover-el/undercover.el	1d3587f1fad66a747688f36636b67b33b73447d3	https://github.com/undercover-el/undercover.el	1d3587f1fad66a747688f36636b67b33b73447d3	https://github.com/emacsmirror/undercover	melpa-recipe	dash,shut-up
undo-tree	0.8.2	https://gitlab.com/tsc25/undo-tree	2bf5e230f1d11df7bbd9d8c722749e34482bc458	https://gitlab.com/tsc25/undo-tree	2bf5e230f1d11df7bbd9d8c722749e34482bc458	https://github.com/emacsmirror/undo-tree	source-default	queue
unfill	20230227.1349	https://github.com/purcell/unfill	075052ce0b4451d7d3ede013ce5a77e6a7a92360	https://github.com/purcell/unfill	075052ce0b4451d7d3ede013ce5a77e6a7a92360	https://github.com/emacsmirror/unfill	melpa-recipe	-
uuidgen	20240201.2318	https://github.com/kanru/uuidgen-el	cebbe09d27c63abe61fe8c2e2248587d90265b59	https://github.com/kanru/uuidgen-el	cebbe09d27c63abe61fe8c2e2248587d90265b59	https://github.com/emacsmirror/uuidgen	melpa-recipe	-
vertico	20260805.1129	https://github.com/minad/vertico	be96000c2b0b3501723291b3721ceba12f784dcd	https://github.com/minad/vertico	be96000c2b0b3501723291b3721ceba12f784dcd	https://github.com/emacsmirror/vertico	melpa-recipe	compat
vi-tilde-fringe	20141028.242	https://github.com/syl20bnr/vi-tilde-fringe	e6e15638e8c45a5e68d0874d5d8c9a46c4f38a54	https://github.com/syl20bnr/vi-tilde-fringe	e6e15638e8c45a5e68d0874d5d8c9a46c4f38a54	https://github.com/emacsmirror/vi-tilde-fringe	melpa-recipe	-
visual-fill-column	20251110.1039	https://codeberg.org/joostkremers/visual-fill-column	9c0ecc2af21d3024a2a838c30d574e86265a52be	https://codeberg.org/joostkremers/visual-fill-column	9c0ecc2af21d3024a2a838c30d574e86265a52be	https://github.com/emacsmirror/visual-fill-column	melpa-recipe	-
volatile-highlights	20260315.1109	https://github.com/k-talo/volatile-highlights.el	f68ac37451c1226d6f13c1b299ec7516f74888a1	https://github.com/k-talo/volatile-highlights.el	f68ac37451c1226d6f13c1b299ec7516f74888a1	https://github.com/emacsmirror/volatile-highlights	melpa-recipe	-
vterm	20260730.1414	https://github.com/akermu/emacs-libvterm	70921114908ebb260d6686db8cbe2445a64f90a2	https://github.com/akermu/emacs-libvterm	70921114908ebb260d6686db8cbe2445a64f90a2	https://github.com/emacsmirror/vterm	melpa-recipe	-
w3m	20260811.923	https://github.com/emacs-w3m/emacs-w3m	bb01ba0329ee5b02c2ff260d8881bbc6f389d80a	https://github.com/emacs-w3m/emacs-w3m	bb01ba0329ee5b02c2ff260d8881bbc6f389d80a	https://github.com/emacsmirror/w3m	melpa-recipe	-
web-beautify	20161115.2247	https://github.com/yasuyk/web-beautify	e1b45321d8c11b404b12c8e55afe55eaa7c84ee9	https://github.com/yasuyk/web-beautify	e1b45321d8c11b404b12c8e55afe55eaa7c84ee9	https://github.com/emacsmirror/web-beautify	melpa-recipe	-
web-completion-data	20160318.848	https://github.com/osv/web-completion-data	c272c94e8a71b779c29653a532f619acad433a4f	https://github.com/osv/web-completion-data	c272c94e8a71b779c29653a532f619acad433a4f	https://github.com/emacsmirror/web-completion-data	melpa-recipe	-
web-mode	20260623.932	https://github.com/fxbois/web-mode	aeee2d4c82a791ff69657c1413873bf9265544df	https://github.com/fxbois/web-mode	aeee2d4c82a791ff69657c1413873bf9265544df	https://github.com/emacsmirror/web-mode	melpa-recipe	-
websocket	20260301.157	https://github.com/ahyatt/emacs-websocket	2195e1247ecb04c30321702aa5f5618a51c329c5	https://github.com/ahyatt/emacs-websocket	2195e1247ecb04c30321702aa5f5618a51c329c5	https://github.com/emacsmirror/websocket	melpa-recipe	-
wfnames	20260706.903	https://github.com/thierryvolpiatto/wfnames	d8839fa42a24f7c781cd2d8c3f40eda31faa19be	https://github.com/thierryvolpiatto/wfnames	d8839fa42a24f7c781cd2d8c3f40eda31faa19be	https://github.com/emacsmirror/wfnames	melpa-recipe	-
wgrep	20230203.1214	https://github.com/mhayashi1120/Emacs-wgrep	b4d69280d8a6a5ded1597e02afbaa811a160383b	https://github.com/mhayashi1120/Emacs-wgrep	b4d69280d8a6a5ded1597e02afbaa811a160383b	https://github.com/emacsmirror/wgrep	melpa-recipe	-
which-key	20240620.2145	https://github.com/justbur/emacs-which-key	ed389312170df955aaf10c2e120cc533ed5c509e	https://github.com/justbur/emacs-which-key	ed389312170df955aaf10c2e120cc533ed5c509e		melpa-recipe	-
window-numbering	20160809.1810	https://github.com/nschum/window-numbering.el	10809b3993a97c7b544240bf5d7ce9b1110a1b89	https://github.com/nschum/window-numbering.el	10809b3993a97c7b544240bf5d7ce9b1110a1b89	https://github.com/emacsmirror/window-numbering	melpa-recipe	-
window-purpose	20241207.148	https://github.com/bmag/emacs-purpose	c827f45cd9b278b3eb9c2f4bcb55ef2fca5d3048	https://github.com/bmag/emacs-purpose	c827f45cd9b278b3eb9c2f4bcb55ef2fca5d3048	https://github.com/emacsmirror/window-purpose	melpa-recipe	imenu-list
winum	20190911.1607	https://github.com/deb0ch/emacs-winum	098249c65042ee0308b8236d1ee838c8da8fdf25	https://github.com/deb0ch/emacs-winum	098249c65042ee0308b8236d1ee838c8da8fdf25	https://github.com/emacsmirror/winum	melpa-recipe	dash
with-editor	20260701.1252	https://github.com/magit/with-editor	45bfc6084f03e3aa7f4f8db20836d559186c5957	https://github.com/magit/with-editor	45bfc6084f03e3aa7f4f8db20836d559186c5957	https://github.com/emacsmirror/with-editor	melpa-recipe	cond-let,llama
writeroom-mode	20250204.2335	https://github.com/joostkremers/writeroom-mode	cca2b4b3cfcfea1919e1870519d79ed1a69aa5e2	https://github.com/joostkremers/writeroom-mode	cca2b4b3cfcfea1919e1870519d79ed1a69aa5e2	https://github.com/emacsmirror/writeroom-mode	melpa-recipe	visual-fill-column
ws-butler	20250310.205	https://git.savannah.gnu.org/git/emacs/nongnu.git	9ee5a7657a22e836618813c2e2b64a548d27d2ff	https://git.savannah.gnu.org/git/emacs/nongnu.git	9ee5a7657a22e836618813c2e2b64a548d27d2ff	https://github.com/emacsmirror/ws-butler	melpa-recipe	-
xcscope	20230626.2109	https://github.com/dkogan/xcscope.el	2f35b26428dd82c016941744f03aad97df80c47b	https://github.com/dkogan/xcscope.el	2f35b26428dd82c016941744f03aad97df80c47b	https://github.com/emacsmirror/xcscope	melpa-recipe	-
xr	2.2	https://github.com/mattiase/xr	694defa220113d0acaa78fd646dcff9f1a08fad9	https://github.com/mattiase/xr	694defa220113d0acaa78fd646dcff9f1a08fad9	https://github.com/emacsmirror/xr	source-default	-
xterm-color	20260531.1854	https://github.com/atomontage/xterm-color	0b0d808f8bc5007037341dc5f63149cc32cf2c5b	https://github.com/atomontage/xterm-color	0b0d808f8bc5007037341dc5f63149cc32cf2c5b	https://github.com/emacsmirror/xterm-color	melpa-recipe	-
yaml	20260605.834	https://github.com/zkry/yaml.el	5546f36bde24a9a8c1934e0f6ce205cd41d72537	https://github.com/zkry/yaml.el	5546f36bde24a9a8c1934e0f6ce205cd41d72537	https://github.com/emacsmirror/yaml	melpa-recipe	-
yaml-mode	20260420.156	https://github.com/yoshiki/yaml-mode	62cbd80507765aa8326bd6aef3aacd8d9be2d71a	https://github.com/yoshiki/yaml-mode	62cbd80507765aa8326bd6aef3aacd8d9be2d71a	https://github.com/emacsmirror/yaml-mode	melpa-recipe	-
yapfify	20210914.634	https://github.com/JorisE/yapfify	c9347e3b1dec5fc8d34883e206fcdc8500d22368	https://github.com/JorisE/yapfify	c9347e3b1dec5fc8d34883e206fcdc8500d22368	https://github.com/emacsmirror/yapfify	melpa-recipe	-
yasnippet	20250602.1342	https://github.com/joaotavora/yasnippet	dd570a6b22364212fff9769cbf4376bdbd7a63c5	https://github.com/joaotavora/yasnippet	dd570a6b22364212fff9769cbf4376bdbd7a63c5	https://github.com/emacsmirror/yasnippet	melpa-recipe	-
yasnippet-snippets	20251215.1231	https://github.com/AndreaCrotti/yasnippet-snippets	606ee926df6839243098de6d71332a697518cb86	https://github.com/AndreaCrotti/yasnippet-snippets	606ee926df6839243098de6d71332a697518cb86	https://github.com/emacsmirror/yasnippet-snippets	melpa-recipe	yasnippet
yaxception	20240107.504	https://github.com/aki2o/yaxception	5941de88b19752c14e0dce0d2bf562b1288055a0	https://github.com/aki2o/yaxception	5941de88b19752c14e0dce0d2bf562b1288055a0	https://github.com/emacsmirror/yaxception	melpa-recipe	dash
youdao-dictionary	20231005.1920	https://github.com/xuchunyang/youdao-dictionary.el	eae8efb1efd3fc82cfe87a357fe8f764116d94ef	https://github.com/xuchunyang/youdao-dictionary.el	eae8efb1efd3fc82cfe87a357fe8f764116d94ef	https://github.com/emacsmirror/youdao-dictionary	melpa-recipe	chinese-word-at-point,names,popup,pos-tip
youdotcom	20240207.1853	https://github.com/SamuelVanie/youdotcom.el	0b835f143e88c3321006a3e48ac5190d071b872c	https://github.com/SamuelVanie/youdotcom.el	0b835f143e88c3321006a3e48ac5190d071b872c	https://github.com/emacsmirror/youdotcom	melpa-recipe	-
youtube-music	20260717.1039	https://github.com/cyberkm/emacs-youtube-music	2a962d972d8a59fed718aec039c9c61ef3c0392d	https://github.com/cyberkm/emacs-youtube-music	2a962d972d8a59fed718aec039c9c61ef3c0392d	https://github.com/emacsmirror/youtube-music	melpa-recipe	-
youtube-sub-extractor	20221116.653	https://github.com/agzam/youtube-sub-extractor.el	d69f732299fdf256504e15767c1d7e5de771220e	https://github.com/agzam/youtube-sub-extractor.el	d69f732299fdf256504e15767c1d7e5de771220e	https://github.com/emacsmirror/youtube-sub-extractor	melpa-recipe	-
ytdious	20210228.2111	https://github.com/spiderbit/ytdious	941460b51e43ef6764e15e2b9c4af54c3e56115f	https://github.com/spiderbit/ytdious	941460b51e43ef6764e15e2b9c4af54c3e56115f	https://github.com/emacsmirror/ytdious	melpa-recipe	-
ytdl	20241025.1913	https://gitlab.com/tuedachu/ytdl	309ad5ce95368ad2e35d1c1701a1f3c0043415a3	https://gitlab.com/tuedachu/ytdl	309ad5ce95368ad2e35d1c1701a1f3c0043415a3	https://github.com/emacsmirror/ytdl	melpa-recipe	async,dash,transient
yuck-mode	20230113.2304	https://github.com/mmcjimsey26/yuck-mode	e084416fa3e7f91bb429edbf7ff1585aa5674367	https://github.com/mmcjimsey26/yuck-mode	e084416fa3e7f91bb429edbf7ff1585aa5674367	https://github.com/emacsmirror/yuck-mode	melpa-recipe	-
z3-mode	20211116.138	https://github.com/zv/z3-mode	0356cbe1e1e2b780ba0ddb4aaa055fa246a67931	https://github.com/zv/z3-mode	0356cbe1e1e2b780ba0ddb4aaa055fa246a67931	https://github.com/emacsmirror/z3-mode	melpa-recipe	flycheck
zathura	20260603.1620	https://codeberg.org/treflip/zathura.el	874dadbf07e22811b6b309200cad32b4ccca0e51	https://codeberg.org/treflip/zathura.el	874dadbf07e22811b6b309200cad32b4ccca0e51	https://github.com/emacsmirror/zathura	melpa-recipe	-
zeal-at-point	20180131.2354	https://github.com/jinzhu/zeal-at-point	0fc3263f44e95acd3e9d91057677621ce4d297ee	https://github.com/jinzhu/zeal-at-point	0fc3263f44e95acd3e9d91057677621ce4d297ee	https://github.com/emacsmirror/zeal-at-point	melpa-recipe	-
zen-and-art-theme	20120622.1437	https://github.com/developernotes/zen-and-art-theme	a7226cbce0bca2501d69a620cb2aeabfc396c232	https://github.com/developernotes/zen-and-art-theme	a7226cbce0bca2501d69a620cb2aeabfc396c232	https://github.com/emacsmirror/zen-and-art-theme	melpa-recipe	-
zen-mode	20200609.822	https://github.com/zenlang/zen-mode	c1b1806358f3cce6c04b30699987d82dc7d42559	https://github.com/zenlang/zen-mode	c1b1806358f3cce6c04b30699987d82dc7d42559	https://github.com/emacsmirror/zen-mode	melpa-recipe	-
zenburn-theme	20260725.707	https://github.com/bbatsov/zenburn-emacs	3797f3ae26b3649c99fc74a09a0bd6a31b40597f	https://github.com/bbatsov/zenburn-emacs	3797f3ae26b3649c99fc74a09a0bd6a31b40597f	https://github.com/emacsmirror/zenburn-theme	melpa-recipe	-
zencoding-mode	20140213.822	https://github.com/rooney/zencoding	58e42af182c98cb9941d27cd042d227fbf4e146c	https://github.com/rooney/zencoding	58e42af182c98cb9941d27cd042d227fbf4e146c	https://github.com/emacsmirror/zencoding-mode	melpa-recipe	-
zenity-color-picker	20160302.1154	https://bitbucket.org/Soft/zenity-color-picker.el	bdece51052ef7037e0a3481fc1f487939f57777e	https://bitbucket.org/Soft/zenity-color-picker.el	bdece51052ef7037e0a3481fc1f487939f57777e	https://github.com/emacsmirror/zenity-color-picker	melpa-recipe	-
zeno-theme	20211205.2148	https://github.com/rokrdev/zeno-theme	70fa7b7442f24ea25eab538b5a22da690745fef5	https://github.com/rokrdev/zeno-theme	70fa7b7442f24ea25eab538b5a22da690745fef5	https://github.com/emacsmirror/zeno-theme	melpa-recipe	-
